CPT,ASA,ADDLCPT,ADDLCPT_COUNT,CLAIM_COUNT,ADDLCPT_FREQ
10030,01922,99140,1,5,0.2
10060,00400,99140,3,32,0.09375
10060,00400,99100,2,32,0.0625
10061,00300,99140,2,7,0.2857142857142857
10061,00300,36556,1,7,0.14285714285714285
10061,00300,76937,1,7,0.14285714285714285
10061,00400,99140,3,16,0.1875
10061,00400,99100,1,16,0.0625
10080,00300,99140,1,2,0.5
10120,00300,64450,1,3,0.3333333333333333
10120,00300,76942,1,3,0.3333333333333333
10140,00300,36556,1,10,0.1
10140,00300,76937,1,10,0.1
10140,00400,99140,7,35,0.2
10140,00400,99100,1,35,0.02857142857142857
11004,00904,36556,1,4,0.25
11004,00904,36620,1,4,0.25
11005,00700,36620,1,1,1.0
11012,01392,64447,1,2,0.5
11012,01392,76942,1,2,0.5
11012,01392,99140,1,2,0.5
11012,01480,99140,1,4,0.25
11012,01830,99140,1,3,0.3333333333333333
11042,00400,99140,6,73,0.0821917808219178
11042,00400,64447,3,73,0.0410958904109589
11042,00400,64450,3,73,0.0410958904109589
11042,00400,76942,3,73,0.0410958904109589
11042,00400,36556,2,73,0.0273972602739726
11042,00400,36620,2,73,0.0273972602739726
11042,00400,76937,1,73,0.0136986301369863
11042,00400,99100,1,73,0.0136986301369863
11043,00300,99140,2,21,0.09523809523809523
11043,00300,36556,1,21,0.047619047619047616
11043,00300,76937,1,21,0.047619047619047616
11043,00800,99140,1,7,0.14285714285714285
11043,01250,99140,5,15,0.3333333333333333
11043,01250,36556,3,15,0.2
11043,01250,36620,3,15,0.2
11043,01250,76937,2,15,0.13333333333333333
11043,01470,64450,2,40,0.05
11043,01470,76942,2,40,0.05
11043,01470,36556,1,40,0.025
11043,01470,64445,1,40,0.025
11043,01470,76937,1,40,0.025
11043,01470,99140,1,40,0.025
11043,01810,99140,1,8,0.125
11044,01480,76942,4,19,0.21052631578947367
11044,01480,64450,3,19,0.15789473684210525
11044,01480,36620,2,19,0.10526315789473684
11044,01480,64447,2,19,0.10526315789473684
11403,00400,99100,1,5,0.2
11440,00300,99100,1,12,0.08333333333333333
11441,00300,99100,1,14,0.07142857142857142
11442,00300,99100,1,12,0.08333333333333333
11443,00300,99100,1,7,0.14285714285714285
11606,00400,99100,1,8,0.125
11750,00400,64445,1,12,0.08333333333333333
11750,00400,64450,1,12,0.08333333333333333
11750,00400,76942,1,12,0.08333333333333333
12001,00400,99140,1,4,0.25
12002,00400,99140,1,1,1.0
12032,00400,64488,1,4,0.25
12037,00400,99140,1,1,1.0
12041,00920,99140,1,1,1.0
13121,00400,64447,1,3,0.3333333333333333
13121,00400,76942,1,3,0.3333333333333333
13121,00400,99140,1,3,0.3333333333333333
13132,00400,99140,1,2,0.5
13152,00300,99140,1,2,0.5
13160,00400,76942,11,29,0.3793103448275862
13160,00400,64450,10,29,0.3448275862068966
13160,00400,64447,9,29,0.3103448275862069
13160,00400,64445,1,29,0.034482758620689655
13160,00400,64488,1,29,0.034482758620689655
13160,00400,99140,1,29,0.034482758620689655
15100,00400,64447,1,22,0.045454545454545456
15100,00400,64450,1,22,0.045454545454545456
15100,00400,76942,1,22,0.045454545454545456
15120,00400,64450,1,2,0.5
15120,00400,76942,1,2,0.5
15738,01250,36620,1,2,0.5
15830,00802,99100,2,70,0.02857142857142857
15877,00300,36620,1,7,0.14285714285714285
15934,00300,99100,1,1,1.0
16020,00400,99140,1,1,1.0
19020,00400,99140,3,10,0.3
19120,00400,99100,1,69,0.014492753623188406
19301,00400,99100,5,277,0.018050541516245487
19303,00400,64461,2,29,0.06896551724137931
19316,00402,99100,1,53,0.018867924528301886
19316,00402,99140,1,53,0.018867924528301886
19318,00402,64461,5,84,0.05952380952380952
19318,00402,64450,2,84,0.023809523809523808
19318,00402,76942,2,84,0.023809523809523808
19318,00402,99100,1,84,0.011904761904761904
19324,00402,99100,2,12,0.16666666666666666
19325,00402,99100,2,103,0.019417475728155338
19364,00402,36620,2,6,0.3333333333333333
19371,00402,99100,3,80,0.0375
19380,00402,99100,1,48,0.020833333333333332
20520,00300,36620,1,2,0.5
20610,01610,64415,1,1,1.0
20610,01610,76942,1,1,1.0
20670,01830,99140,1,1,1.0
20680,00450,64415,8,22,0.36363636363636365
20680,00450,76942,8,22,0.36363636363636365
20680,00470,64461,24,37,0.6486486486486487
20680,00470,64488,3,37,0.08108108108108109
20680,01230,76942,2,31,0.06451612903225806
20680,01230,64447,1,31,0.03225806451612903
20680,01230,64450,1,31,0.03225806451612903
20680,01360,64447,14,38,0.3684210526315789
20680,01360,76942,13,38,0.34210526315789475
20680,01392,64447,12,50,0.24
20680,01392,76942,12,50,0.24
20680,01392,64450,5,50,0.1
20680,01392,36620,1,50,0.02
20680,01392,99140,1,50,0.02
20680,01480,76942,55,155,0.3548387096774194
20680,01480,64450,47,155,0.3032258064516129
20680,01480,64447,28,155,0.18064516129032257
20680,01480,64445,15,155,0.0967741935483871
20680,01480,99140,2,155,0.012903225806451613
20680,01480,36620,1,155,0.0064516129032258064
20680,01480,64417,1,155,0.0064516129032258064
20680,01480,76937,1,155,0.0064516129032258064
20680,01630,64415,4,11,0.36363636363636365
20680,01630,76942,4,11,0.36363636363636365
20680,01740,64415,2,21,0.09523809523809523
20680,01740,76942,2,21,0.09523809523809523
20680,01830,64417,2,50,0.04
20680,01830,76942,2,50,0.04
20690,01392,99140,2,4,0.5
20690,01480,99140,2,6,0.3333333333333333
20690,01480,36620,1,6,0.16666666666666666
20692,01480,99140,1,3,0.3333333333333333
20694,01462,64447,2,7,0.2857142857142857
20694,01462,64450,1,7,0.14285714285714285
20694,01462,76942,1,7,0.14285714285714285
20900,01112,64447,2,2,1.0
20900,01112,76942,2,2,1.0
20900,01480,64447,1,1,1.0
20900,01480,64450,1,1,1.0
20902,01120,64450,4,10,0.4
20902,01120,76942,4,10,0.4
20902,01120,64447,2,10,0.2
20902,01392,64447,1,1,1.0
20902,01392,64450,1,1,1.0
20902,01392,76942,1,1,1.0
20956,01120,64447,1,2,0.5
20956,01120,64450,1,2,0.5
20956,01120,76942,1,2,0.5
20999,01112,64447,1,1,1.0
20999,01112,64450,1,1,1.0
20999,01112,76942,1,1,1.0
21011,00300,99100,3,10,0.3
21143,00192,36620,1,4,0.25
21145,00192,36620,2,4,0.5
21196,00192,36620,1,14,0.07142857142857142
21230,00470,36620,1,5,0.2
21315,00160,99140,1,17,0.058823529411764705
21407,00190,99140,1,5,0.2
21453,00190,99140,1,3,0.3333333333333333
21501,00300,99140,5,23,0.21739130434782608
21501,00400,99140,1,2,0.5
21556,00400,36620,1,2,0.5
21601,00470,36620,1,1,1.0
21627,00550,36620,3,6,0.5
21627,00550,99140,1,6,0.16666666666666666
21743,00540,64461,37,46,0.8043478260869565
21743,00540,36620,2,46,0.043478260869565216
21743,00540,36556,1,46,0.021739130434782608
21743,00540,76937,1,46,0.021739130434782608
21743,00541,64461,6,7,0.8571428571428571
21750,00550,36556,1,3,0.3333333333333333
21750,00550,64461,1,3,0.3333333333333333
21750,00550,76937,1,3,0.3333333333333333
21899,00470,64461,1,2,0.5
22015,00300,36620,1,4,0.25
22015,00300,76937,1,4,0.25
22325,00670,36620,1,5,0.2
22325,00670,99140,1,5,0.2
22326,00670,36620,1,3,0.3333333333333333
22326,00670,99100,1,3,0.3333333333333333
22327,00670,36620,2,2,1.0
22513,01936,99100,2,53,0.03773584905660377
22513,01936,36620,1,53,0.018867924528301886
22514,01936,36620,2,59,0.03389830508474576
22551,00600,36620,1,7,0.14285714285714285
22551,00670,36620,18,77,0.23376623376623376
22551,00670,99140,1,77,0.012987012987012988
22552,00670,36620,1,1,1.0
22554,00600,36620,3,24,0.125
22554,00670,36620,11,49,0.22448979591836735
22554,00670,76937,1,49,0.02040816326530612
22554,00670,99140,1,49,0.02040816326530612
22558,00630,36620,2,4,0.5
22558,00630,64488,1,4,0.25
22558,00670,64488,1,11,0.09090909090909091
22585,00670,36620,1,1,1.0
22600,00670,36620,10,23,0.43478260869565216
22610,00670,36620,7,9,0.7777777777777778
22610,00670,36556,2,9,0.2222222222222222
22610,00670,76937,2,9,0.2222222222222222
22612,00630,36620,1,21,0.047619047619047616
22612,00630,64488,1,21,0.047619047619047616
22612,00670,36620,20,181,0.11049723756906077
22612,00670,64488,1,181,0.0055248618784530384
22612,00670,99100,1,181,0.0055248618784530384
22630,00630,36620,1,1,1.0
22800,00670,36620,3,5,0.6
22802,00670,36620,29,34,0.8529411764705882
22804,00670,36620,6,9,0.6666666666666666
22830,00670,36620,6,31,0.1935483870967742
22840,00670,36620,8,89,0.0898876404494382
22840,00670,76937,1,89,0.011235955056179775
22842,00670,36620,19,78,0.24358974358974358
22842,00670,36556,1,78,0.01282051282051282
22842,00670,76937,1,78,0.01282051282051282
22842,00670,99140,1,78,0.01282051282051282
22843,00670,36620,2,2,1.0
22845,00670,36620,26,97,0.26804123711340205
22845,00670,99140,2,97,0.020618556701030927
22845,00670,64488,1,97,0.010309278350515464
22845,00670,99100,1,97,0.010309278350515464
22846,00670,36620,3,12,0.25
22850,00670,36620,2,5,0.4
22852,00670,36620,2,8,0.25
22856,00600,36620,1,22,0.045454545454545456
22856,00670,36620,1,11,0.09090909090909091
23040,01630,99140,1,2,0.5
23120,00450,64415,19,19,1.0
23120,00450,76942,17,19,0.8947368421052632
23130,01630,64415,2,3,0.6666666666666666
23130,01630,76942,2,3,0.6666666666666666
23150,01630,64415,1,1,1.0
23150,01630,76942,1,1,1.0
23180,00450,99140,1,1,1.0
23335,01638,64415,1,1,1.0
23335,01638,76942,1,1,1.0
23410,01610,76942,14,14,1.0
23410,01610,64415,13,14,0.9285714285714286
23410,01610,36620,1,14,0.07142857142857142
23410,01610,64450,1,14,0.07142857142857142
23412,01610,64415,24,26,0.9230769230769231
23412,01610,76942,23,26,0.8846153846153846
23420,01630,64415,3,4,0.75
23420,01630,76942,3,4,0.75
23430,01716,64415,108,114,0.9473684210526315
23430,01716,76942,107,114,0.9385964912280702
23430,01716,64450,1,114,0.008771929824561403
23455,01630,64415,1,1,1.0
23455,01630,76942,1,1,1.0
23460,01630,64415,1,1,1.0
23460,01630,76942,1,1,1.0
23462,01630,64415,1,2,0.5
23462,01630,76942,1,2,0.5
23470,01630,64415,3,3,1.0
23470,01630,76942,3,3,1.0
23472,01638,76942,223,252,0.8849206349206349
23472,01638,64415,221,252,0.876984126984127
23472,01638,99100,4,252,0.015873015873015872
23472,01638,64447,3,252,0.011904761904761904
23472,01638,36620,2,252,0.007936507936507936
23472,01638,64450,2,252,0.007936507936507936
23473,01638,64415,2,2,1.0
23473,01638,76942,2,2,1.0
23474,01638,64415,11,12,0.9166666666666666
23474,01638,76942,11,12,0.9166666666666666
23474,01638,36620,1,12,0.08333333333333333
23474,01638,99140,1,12,0.08333333333333333
23515,00450,64415,76,108,0.7037037037037037
23515,00450,76942,71,108,0.6574074074074074
23515,00450,99100,1,108,0.009259259259259259
23550,01630,64415,8,10,0.8
23550,01630,76942,7,10,0.7
23552,01630,64415,2,2,1.0
23552,01630,76942,2,2,1.0
23585,00450,64415,2,2,1.0
23585,00450,76942,2,2,1.0
23615,01630,64415,17,31,0.5483870967741935
23615,01630,76942,17,31,0.5483870967741935
23615,01630,99140,3,31,0.0967741935483871
23615,01630,64447,1,31,0.03225806451612903
23630,01630,64415,3,4,0.75
23630,01630,76942,2,4,0.5
23630,01630,99140,1,4,0.25
23655,01620,99140,5,14,0.35714285714285715
23655,01620,64415,2,14,0.14285714285714285
23655,01620,76942,2,14,0.14285714285714285
23655,01620,99100,1,14,0.07142857142857142
23660,01630,36620,1,1,1.0
23700,01620,64415,6,7,0.8571428571428571
23700,01620,76942,6,7,0.8571428571428571
23931,01710,36556,1,3,0.3333333333333333
24000,01740,99140,2,3,0.6666666666666666
24105,01710,64415,2,16,0.125
24105,01710,76942,2,16,0.125
24134,01740,64415,1,1,1.0
24134,01740,76942,1,1,1.0
24140,01742,64415,1,2,0.5
24140,01742,76942,1,2,0.5
24147,01740,64415,1,4,0.25
24147,01740,76942,1,4,0.25
24340,01716,64415,1,1,1.0
24340,01716,76942,1,1,1.0
24341,01610,64415,3,3,1.0
24341,01610,76942,3,3,1.0
24341,01710,64415,1,2,0.5
24341,01710,76942,1,2,0.5
24342,01710,64415,16,33,0.48484848484848486
24342,01710,76942,15,33,0.45454545454545453
24342,01714,76942,13,29,0.4482758620689655
24342,01714,64415,12,29,0.41379310344827586
24342,01714,64417,1,29,0.034482758620689655
24343,01740,64415,1,2,0.5
24343,01740,76942,1,2,0.5
24344,01740,64415,1,1,1.0
24344,01740,76942,1,1,1.0
24345,01740,64415,1,2,0.5
24345,01740,76942,1,2,0.5
24346,01740,76942,3,3,1.0
24346,01740,64417,2,3,0.6666666666666666
24346,01740,64415,1,3,0.3333333333333333
24359,01712,64415,2,10,0.2
24359,01712,76942,2,10,0.2
24362,01740,64415,1,1,1.0
24362,01740,76942,1,1,1.0
24363,01760,64415,2,4,0.5
24363,01760,76942,2,4,0.5
24430,01744,64415,1,2,0.5
24430,01744,76942,1,2,0.5
24435,01744,64415,1,2,0.5
24435,01744,76942,1,2,0.5
24515,01744,36620,1,12,0.08333333333333333
24515,01744,64417,1,12,0.08333333333333333
24515,01744,76942,1,12,0.08333333333333333
24515,01744,99100,1,12,0.08333333333333333
24516,01630,64415,2,4,0.5
24516,01630,76942,2,4,0.5
24516,01744,64415,2,3,0.6666666666666666
24516,01744,76942,2,3,0.6666666666666666
24538,01730,99140,14,64,0.21875
24545,01740,64415,1,5,0.2
24545,01740,76942,1,5,0.2
24545,01740,99140,1,5,0.2
24546,01740,64415,1,3,0.3333333333333333
24546,01740,76942,1,3,0.3333333333333333
24575,01740,64415,1,14,0.07142857142857142
24575,01740,76942,1,14,0.07142857142857142
24579,01740,76942,2,14,0.14285714285714285
24579,01740,64415,1,14,0.07142857142857142
24579,01740,64417,1,14,0.07142857142857142
24579,01740,99100,1,14,0.07142857142857142
24579,01740,99140,1,14,0.07142857142857142
24605,01730,99140,2,3,0.6666666666666666
24635,01740,64415,1,2,0.5
24635,01740,76942,1,2,0.5
24665,01740,64417,1,11,0.09090909090909091
24665,01740,76942,1,11,0.09090909090909091
24685,01740,76942,16,40,0.4
24685,01740,64415,12,40,0.3
24685,01740,64417,4,40,0.1
24685,01740,99140,4,40,0.1
24685,01740,99100,1,40,0.025
25000,01810,76942,4,19,0.21052631578947367
25000,01810,64415,2,19,0.10526315789473684
25000,01810,64417,2,19,0.10526315789473684
25023,01810,64415,1,2,0.5
25023,01810,76942,1,2,0.5
25066,01810,64415,1,1,1.0
25066,01810,76942,1,1,1.0
25111,01810,76942,12,35,0.34285714285714286
25111,01810,64417,10,35,0.2857142857142857
25111,01810,64415,2,35,0.05714285714285714
25111,01810,99100,1,35,0.02857142857142857
25135,01830,64417,1,1,1.0
25135,01830,76942,1,1,1.0
25215,01830,76942,3,13,0.23076923076923078
25215,01830,64417,2,13,0.15384615384615385
25215,01830,64415,1,13,0.07692307692307693
25260,01810,64417,1,4,0.25
25260,01810,76942,1,4,0.25
25272,01810,64417,2,2,1.0
25272,01810,76942,2,2,1.0
25310,01810,64417,1,4,0.25
25310,01810,76942,1,4,0.25
25320,01810,64417,4,9,0.4444444444444444
25320,01810,76942,4,9,0.4444444444444444
25390,01830,64415,1,2,0.5
25390,01830,64417,1,2,0.5
25390,01830,76942,1,2,0.5
25400,01830,76942,2,8,0.25
25400,01830,64415,1,8,0.125
25400,01830,64417,1,8,0.125
25405,01112,64417,1,1,1.0
25405,01112,76942,1,1,1.0
25415,01830,64417,1,1,1.0
25415,01830,76942,1,1,1.0
25447,01830,76942,7,48,0.14583333333333334
25447,01830,64417,6,48,0.125
25447,01830,99100,2,48,0.041666666666666664
25447,01830,64415,1,48,0.020833333333333332
25505,01820,99140,2,4,0.5
25515,01830,76942,4,8,0.5
25515,01830,64417,3,8,0.375
25515,01830,64415,1,8,0.125
25515,01830,99140,1,8,0.125
25535,01820,99140,1,1,1.0
25545,01830,64415,1,5,0.2
25545,01830,76942,1,5,0.2
25574,01830,76942,3,8,0.375
25574,01830,64415,2,8,0.25
25574,01830,64417,1,8,0.125
25575,01830,76942,6,24,0.25
25575,01830,64417,5,24,0.20833333333333334
25575,01830,99140,2,24,0.08333333333333333
25575,01830,36620,1,24,0.041666666666666664
25575,01830,64415,1,24,0.041666666666666664
25575,01830,99100,1,24,0.041666666666666664
25600,01820,99140,1,1,1.0
25605,01820,99140,2,10,0.2
25606,01820,64417,2,37,0.05405405405405406
25606,01820,76942,2,37,0.05405405405405406
25607,01830,76942,14,53,0.2641509433962264
25607,01830,64417,10,53,0.18867924528301888
25607,01830,64415,6,53,0.11320754716981132
25607,01830,36620,1,53,0.018867924528301886
25607,01830,76937,1,53,0.018867924528301886
25607,01830,99100,1,53,0.018867924528301886
25608,01830,76942,10,41,0.24390243902439024
25608,01830,64417,8,41,0.1951219512195122
25608,01830,64415,3,41,0.07317073170731707
25608,01830,64445,1,41,0.024390243902439025
25608,01830,99140,1,41,0.024390243902439025
25609,01830,76942,9,39,0.23076923076923078
25609,01830,64415,5,39,0.1282051282051282
25609,01830,64417,4,39,0.10256410256410256
25609,01830,99140,2,39,0.05128205128205128
25628,01830,76942,5,12,0.4166666666666667
25628,01830,64417,3,12,0.25
25628,01830,64415,1,12,0.08333333333333333
25628,01830,64445,1,12,0.08333333333333333
25628,01830,64450,1,12,0.08333333333333333
25695,01830,64415,1,2,0.5
25695,01830,76942,1,2,0.5
25800,01830,64415,1,2,0.5
25800,01830,76942,1,2,0.5
25810,01830,64417,2,3,0.6666666666666666
25810,01830,76942,2,3,0.6666666666666666
26010,00400,99140,1,1,1.0
26020,01810,99140,1,4,0.25
26055,01810,64447,1,89,0.011235955056179775
26055,01810,76942,1,89,0.011235955056179775
26123,01810,64417,2,14,0.14285714285714285
26123,01810,76942,2,14,0.14285714285714285
26123,01810,99100,1,14,0.07142857142857142
26356,01810,64417,1,8,0.125
26356,01810,76942,1,8,0.125
26418,01810,64417,2,9,0.2222222222222222
26418,01810,76942,2,9,0.2222222222222222
26418,01810,99140,1,9,0.1111111111111111
26434,01810,64417,1,1,1.0
26434,01810,76942,1,1,1.0
26480,01810,64417,1,2,0.5
26480,01810,76942,1,2,0.5
26540,01810,64417,2,6,0.3333333333333333
26540,01810,76942,2,6,0.3333333333333333
26541,01810,64417,2,3,0.6666666666666666
26541,01810,76942,2,3,0.6666666666666666
26608,01820,64417,1,10,0.1
26608,01820,76942,1,10,0.1
26615,01830,64417,5,22,0.22727272727272727
26615,01830,76942,5,22,0.22727272727272727
26615,01830,99140,1,22,0.045454545454545456
26727,01820,99140,2,21,0.09523809523809523
26735,01830,64415,1,11,0.09090909090909091
26735,01830,64417,1,11,0.09090909090909091
26735,01830,76942,1,11,0.09090909090909091
26735,01830,99140,1,11,0.09090909090909091
26742,01820,99140,1,2,0.5
26765,01830,64417,1,4,0.25
26765,01830,76942,1,4,0.25
26850,01830,64415,1,3,0.3333333333333333
26850,01830,76942,1,3,0.3333333333333333
26852,01830,64417,1,4,0.25
26852,01830,76942,1,4,0.25
26860,01830,64417,2,13,0.15384615384615385
26860,01830,76942,2,13,0.15384615384615385
26910,01830,64417,1,2,0.5
26910,01830,76942,1,2,0.5
26951,01830,99140,3,14,0.21428571428571427
26951,01830,76942,2,14,0.14285714285714285
26951,01830,64415,1,14,0.07142857142857142
26951,01830,64417,1,14,0.07142857142857142
26952,01830,64417,1,9,0.1111111111111111
26952,01830,76942,1,9,0.1111111111111111
26990,01210,99140,1,4,0.25
27030,01210,99140,1,13,0.07692307692307693
27070,01120,01996,1,7,0.14285714285714285
27070,01210,01996,1,2,0.5
27125,01210,64450,2,5,0.4
27125,01210,76942,2,5,0.4
27130,01214,76942,49,688,0.07122093023255814
27130,01214,64450,43,688,0.0625
27130,01214,99100,9,688,0.01308139534883721
27130,01214,64415,6,688,0.00872093023255814
27130,01214,64447,2,688,0.0029069767441860465
27130,01214,01214,1,688,0.0014534883720930232
27130,01214,36556,1,688,0.0014534883720930232
27130,01214,36620,1,688,0.0014534883720930232
27132,01214,36620,1,21,0.047619047619047616
27134,01215,64450,4,46,0.08695652173913043
27134,01215,76942,4,46,0.08695652173913043
27134,01215,36620,2,46,0.043478260869565216
27134,01215,76937,1,46,0.021739130434782608
27138,01215,36620,2,24,0.08333333333333333
27138,01215,64450,1,24,0.041666666666666664
27138,01215,76937,1,24,0.041666666666666664
27138,01215,76942,1,24,0.041666666666666664
27146,01210,01996,1,1,1.0
27176,01200,64450,1,5,0.2
27176,01200,76942,1,5,0.2
27181,01210,01996,1,1,1.0
27187,01210,64450,1,3,0.3333333333333333
27187,01210,76942,1,3,0.3333333333333333
27235,01220,64450,22,43,0.5116279069767442
27235,01220,76942,20,43,0.46511627906976744
27235,01220,99140,3,43,0.06976744186046512
27235,01220,99100,1,43,0.023255813953488372
27236,01210,64450,56,117,0.47863247863247865
27236,01210,76942,56,117,0.47863247863247865
27236,01210,36620,3,117,0.02564102564102564
27236,01210,99100,3,117,0.02564102564102564
27236,01210,99140,2,117,0.017094017094017096
27236,01210,64447,1,117,0.008547008547008548
27236,01230,64450,18,31,0.5806451612903226
27236,01230,76942,18,31,0.5806451612903226
27236,01230,36620,2,31,0.06451612903225806
27236,01230,99140,1,31,0.03225806451612903
27240,01220,64450,13,27,0.48148148148148145
27240,01220,76942,13,27,0.48148148148148145
27240,01220,36620,1,27,0.037037037037037035
27240,01220,76937,1,27,0.037037037037037035
27244,01230,64450,3,9,0.3333333333333333
27244,01230,76942,3,9,0.3333333333333333
27245,01230,64450,72,136,0.5294117647058824
27245,01230,76942,71,136,0.5220588235294118
27245,01230,36620,15,136,0.11029411764705882
27245,01230,76937,3,136,0.022058823529411766
27245,01230,99100,3,136,0.022058823529411766
27245,01230,99140,1,136,0.007352941176470588
27254,01210,64450,1,1,1.0
27254,01210,76942,1,1,1.0
27257,01200,99100,3,10,0.3
27299,01250,64450,1,1,1.0
27299,01250,76942,1,1,1.0
27301,01250,99140,1,5,0.2
27301,01320,64447,2,13,0.15384615384615385
27301,01320,76942,2,13,0.15384615384615385
27301,01320,99140,2,13,0.15384615384615385
27310,01400,99140,1,13,0.07692307692307693
27334,01400,64447,2,3,0.6666666666666666
27334,01400,76942,2,3,0.6666666666666666
27337,00400,64447,1,15,0.06666666666666667
27337,00400,76942,1,15,0.06666666666666667
27340,01320,76942,3,10,0.3
27340,01320,64447,2,10,0.2
27340,01320,64417,1,10,0.1
27340,01320,99140,1,10,0.1
27347,01400,64450,1,4,0.25
27347,01400,76942,1,4,0.25
27350,01392,64447,1,1,1.0
27350,01392,64450,1,1,1.0
27350,01392,76942,1,1,1.0
27355,01360,64447,2,7,0.2857142857142857
27355,01360,76942,2,7,0.2857142857142857
27360,01392,76942,2,4,0.5
27360,01392,64447,1,4,0.25
27360,01392,64450,1,4,0.25
27380,01320,76942,9,10,0.9
27380,01320,64447,8,10,0.8
27380,01320,64445,1,10,0.1
27380,01320,64450,1,10,0.1
27381,01320,64447,2,2,1.0
27381,01320,76942,2,2,1.0
27385,01250,64445,2,5,0.4
27385,01250,76942,1,5,0.2
27385,01320,64447,20,23,0.8695652173913043
27385,01320,76942,20,23,0.8695652173913043
27385,01320,99140,1,23,0.043478260869565216
27405,01400,64447,2,2,1.0
27405,01400,76942,2,2,1.0
27405,01400,64445,1,2,0.5
27412,01400,64447,2,2,1.0
27412,01400,76942,2,2,1.0
27415,01400,64447,6,7,0.8571428571428571
27415,01400,76942,6,7,0.8571428571428571
27418,01392,64447,7,7,1.0
27418,01392,76942,7,7,1.0
27420,01392,64447,3,3,1.0
27420,01392,76942,3,3,1.0
27422,01392,64447,7,7,1.0
27422,01392,76942,7,7,1.0
27425,01320,64447,3,5,0.6
27425,01320,76942,3,5,0.6
27427,01320,64447,16,17,0.9411764705882353
27427,01320,76942,15,17,0.8823529411764706
27427,01320,64445,2,17,0.11764705882352941
27427,01320,64450,1,17,0.058823529411764705
27427,01400,64447,11,11,1.0
27427,01400,76942,11,11,1.0
27427,01400,64445,1,11,0.09090909090909091
27428,01320,64447,2,2,1.0
27428,01320,76942,2,2,1.0
27428,01400,64445,1,1,1.0
27428,01400,64447,1,1,1.0
27428,01400,76942,1,1,1.0
27429,01320,64445,1,1,1.0
27429,01320,64447,1,1,1.0
27429,01320,76942,1,1,1.0
27438,01392,64447,6,7,0.8571428571428571
27438,01392,76942,6,7,0.8571428571428571
27442,01400,64447,3,3,1.0
27442,01400,76942,3,3,1.0
27446,01400,64447,24,25,0.96
27446,01400,76942,24,25,0.96
27447,01402,64447,1137,1213,0.9373454245671888
27447,01402,76942,1114,1213,0.9183841714756801
27447,01402,99100,12,1213,0.00989282769991756
27447,01402,64445,1,1213,0.0008244023083264633
27450,01360,64447,4,5,0.8
27450,01360,76942,4,5,0.8
27450,01360,64445,1,5,0.2
27455,01392,64447,1,1,1.0
27455,01392,76942,1,1,1.0
27470,01360,64447,1,1,1.0
27470,01360,76942,1,1,1.0
27475,01360,64447,6,11,0.5454545454545454
27475,01360,76942,6,11,0.5454545454545454
27479,01360,64447,3,3,1.0
27479,01360,76942,3,3,1.0
27479,01360,64450,1,3,0.3333333333333333
27485,01360,64447,10,18,0.5555555555555556
27485,01360,76942,8,18,0.4444444444444444
27485,01392,64447,1,5,0.2
27486,01402,64447,37,45,0.8222222222222222
27486,01402,76942,35,45,0.7777777777777778
27486,01402,99140,1,45,0.022222222222222223
27487,01402,64447,58,61,0.9508196721311475
27487,01402,76942,55,61,0.9016393442622951
27488,01402,64447,8,14,0.5714285714285714
27488,01402,76942,8,14,0.5714285714285714
27488,01402,99140,2,14,0.14285714285714285
27495,01360,64447,2,2,1.0
27495,01360,76942,2,2,1.0
27502,01220,99100,1,5,0.2
27506,01230,76942,8,29,0.27586206896551724
27506,01230,64447,5,29,0.1724137931034483
27506,01230,99140,5,29,0.1724137931034483
27506,01230,64450,3,29,0.10344827586206896
27507,01230,76942,7,13,0.5384615384615384
27507,01230,64450,4,13,0.3076923076923077
27507,01230,64447,3,13,0.23076923076923078
27507,01230,99140,3,13,0.23076923076923078
27507,01230,36556,1,13,0.07692307692307693
27507,01230,36620,1,13,0.07692307692307693
27507,01230,76937,1,13,0.07692307692307693
27511,01360,64447,4,7,0.5714285714285714
27511,01360,76942,4,7,0.5714285714285714
27511,01360,36620,1,7,0.14285714285714285
27513,01360,76942,4,6,0.6666666666666666
27513,01360,64447,3,6,0.5
27513,01360,36620,1,6,0.16666666666666666
27513,01360,64450,1,6,0.16666666666666666
27514,01360,64447,9,18,0.5
27514,01360,76942,7,18,0.3888888888888889
27514,01360,99140,3,18,0.16666666666666666
27514,01360,99100,1,18,0.05555555555555555
27524,01392,64447,11,14,0.7857142857142857
27524,01392,76942,10,14,0.7142857142857143
27532,01390,99140,1,4,0.25
27535,01392,64447,3,11,0.2727272727272727
27535,01392,76942,3,11,0.2727272727272727
27535,01392,64450,2,11,0.18181818181818182
27535,01392,99140,1,11,0.09090909090909091
27536,01392,64447,6,22,0.2727272727272727
27536,01392,76942,6,22,0.2727272727272727
27536,01392,64450,4,22,0.18181818181818182
27536,01392,99140,1,22,0.045454545454545456
27558,01400,64447,1,1,1.0
27558,01400,76942,1,1,1.0
27570,01380,76942,14,41,0.34146341463414637
27570,01380,64447,13,41,0.3170731707317073
27570,01380,64445,2,41,0.04878048780487805
27570,01380,99100,2,41,0.04878048780487805
27590,01232,64447,2,2,1.0
27590,01232,64445,1,2,0.5
27590,01232,64450,1,2,0.5
27590,01232,76942,1,2,0.5
27590,01360,64445,1,2,0.5
27590,01360,76942,1,2,0.5
27594,01250,64445,1,1,1.0
27594,01250,64450,1,1,1.0
27594,01250,76942,1,1,1.0
27599,01380,99100,1,20,0.05
27600,01470,64450,1,3,0.3333333333333333
27600,01470,76942,1,3,0.3333333333333333
27600,01470,99140,1,3,0.3333333333333333
27602,01470,64445,1,8,0.125
27602,01470,64447,1,8,0.125
27602,01470,76942,1,8,0.125
27602,01470,99140,1,8,0.125
27603,01470,64450,2,8,0.25
27603,01470,76942,2,8,0.25
27603,01470,36620,1,8,0.125
27606,01470,99100,6,24,0.25
27606,01470,64450,5,24,0.20833333333333334
27606,01470,76942,5,24,0.20833333333333334
27606,01470,64447,3,24,0.125
27619,01470,64447,1,2,0.5
27619,01470,64450,1,2,0.5
27619,01470,76942,1,2,0.5
27620,01480,64450,3,4,0.75
27620,01480,76942,3,4,0.75
27620,01480,64447,1,4,0.25
27635,01480,64450,5,5,1.0
27635,01480,76942,5,5,1.0
27635,01480,64447,3,5,0.6
27640,01392,64447,1,2,0.5
27640,01392,64450,1,2,0.5
27640,01392,76942,1,2,0.5
27640,01480,64450,7,9,0.7777777777777778
27640,01480,76942,7,9,0.7777777777777778
27640,01480,64445,2,9,0.2222222222222222
27640,01480,64447,1,9,0.1111111111111111
27641,01480,76942,10,12,0.8333333333333334
27641,01480,64447,6,12,0.5
27641,01480,64450,6,12,0.5
27641,01480,64445,4,12,0.3333333333333333
27650,01472,76942,37,44,0.8409090909090909
27650,01472,64450,29,44,0.6590909090909091
27650,01472,64447,18,44,0.4090909090909091
27650,01472,64445,11,44,0.25
27650,01472,99140,1,44,0.022727272727272728
27652,01472,76942,2,2,1.0
27652,01472,64445,1,2,0.5
27652,01472,64447,1,2,0.5
27652,01472,64450,1,2,0.5
27654,01472,76942,8,8,1.0
27654,01472,64450,7,8,0.875
27654,01472,64447,4,8,0.5
27654,01472,64445,1,8,0.125
27656,01470,64450,1,1,1.0
27656,01470,76942,1,1,1.0
27658,01470,64450,21,23,0.9130434782608695
27658,01470,76942,20,23,0.8695652173913043
27658,01470,64447,14,23,0.6086956521739131
27659,01470,64447,3,3,1.0
27659,01470,64450,3,3,1.0
27659,01470,76942,3,3,1.0
27664,01470,64450,2,2,1.0
27664,01470,76942,2,2,1.0
27664,01470,64447,1,2,0.5
27665,01470,64445,1,1,1.0
27665,01470,64447,1,1,1.0
27665,01470,64450,1,1,1.0
27675,01470,64450,1,1,1.0
27675,01470,76942,1,1,1.0
27680,01470,64450,1,1,1.0
27680,01470,76942,1,1,1.0
27685,01470,64450,9,13,0.6923076923076923
27685,01470,76942,9,13,0.6923076923076923
27685,01470,64447,6,13,0.46153846153846156
27687,01474,76942,108,136,0.7941176470588235
27687,01474,64450,105,136,0.7720588235294118
27687,01474,64447,78,136,0.5735294117647058
27687,01474,64445,15,136,0.11029411764705882
27690,01470,64450,5,7,0.7142857142857143
27690,01470,76942,5,7,0.7142857142857143
27690,01470,64447,4,7,0.5714285714285714
27691,01470,64450,13,15,0.8666666666666667
27691,01470,76942,13,15,0.8666666666666667
27691,01470,64447,8,15,0.5333333333333333
27691,01470,64445,1,15,0.06666666666666667
27695,01470,76942,8,9,0.8888888888888888
27695,01470,64447,6,9,0.6666666666666666
27695,01470,64450,6,9,0.6666666666666666
27695,01470,64445,1,9,0.1111111111111111
27696,01470,64450,3,5,0.6
27696,01470,76942,3,5,0.6
27696,01470,64447,2,5,0.4
27698,01470,76942,48,51,0.9411764705882353
27698,01470,64450,43,51,0.8431372549019608
27698,01470,64447,28,51,0.5490196078431373
27698,01470,64445,12,51,0.23529411764705882
27702,01486,64450,14,16,0.875
27702,01486,76942,12,16,0.75
27702,01486,64447,11,16,0.6875
27703,01486,64450,4,4,1.0
27703,01486,76942,4,4,1.0
27703,01486,64447,3,4,0.75
27704,01480,64450,1,1,1.0
27704,01480,76942,1,1,1.0
27709,01484,64447,1,1,1.0
27709,01484,64450,1,1,1.0
27709,01484,76942,1,1,1.0
27712,01484,64445,1,1,1.0
27712,01484,64447,1,1,1.0
27712,01484,76942,1,1,1.0
27715,01484,64450,1,1,1.0
27715,01484,76942,1,1,1.0
27720,01392,64447,1,2,0.5
27720,01392,76942,1,2,0.5
27720,01480,64450,3,3,1.0
27720,01480,76942,3,3,1.0
27720,01480,64447,2,3,0.6666666666666666
27724,01480,64447,2,3,0.6666666666666666
27724,01480,76942,2,3,0.6666666666666666
27724,01480,64445,1,3,0.3333333333333333
27724,01480,64450,1,3,0.3333333333333333
27726,01480,64450,2,2,1.0
27726,01480,76942,2,2,1.0
27730,01480,64447,1,1,1.0
27730,01480,64450,1,1,1.0
27730,01480,76942,1,1,1.0
27734,01480,64450,1,1,1.0
27734,01480,76942,1,1,1.0
27756,01390,99140,2,2,1.0
27756,01462,64447,1,2,0.5
27756,01462,64450,1,2,0.5
27756,01462,76942,1,2,0.5
27758,01392,64447,4,10,0.4
27758,01392,76942,3,10,0.3
27758,01392,64450,2,10,0.2
27758,01392,64445,1,10,0.1
27758,01392,99100,1,10,0.1
27758,01480,64447,1,8,0.125
27758,01480,64450,1,8,0.125
27758,01480,76942,1,8,0.125
27758,01480,99140,1,8,0.125
27759,01392,76942,7,42,0.16666666666666666
27759,01392,99140,6,42,0.14285714285714285
27759,01392,64447,5,42,0.11904761904761904
27759,01392,64450,5,42,0.11904761904761904
27759,01392,36620,1,42,0.023809523809523808
27766,01480,76942,8,15,0.5333333333333333
27766,01480,64447,6,15,0.4
27766,01480,64450,6,15,0.4
27766,01480,64445,1,15,0.06666666666666667
27769,01480,64450,2,2,1.0
27769,01480,76942,2,2,1.0
27769,01480,64445,1,2,0.5
27769,01480,64447,1,2,0.5
27780,01390,64447,1,1,1.0
27780,01390,64450,1,1,1.0
27780,01390,76942,1,1,1.0
27781,01390,64447,1,1,1.0
27781,01390,64450,1,1,1.0
27781,01390,76942,1,1,1.0
27784,01392,64450,21,26,0.8076923076923077
27784,01392,76942,20,26,0.7692307692307693
27784,01392,64447,13,26,0.5
27784,01392,64445,5,26,0.19230769230769232
27792,01480,76942,76,104,0.7307692307692307
27792,01480,64450,67,104,0.6442307692307693
27792,01480,64447,40,104,0.38461538461538464
27792,01480,64445,19,104,0.18269230769230768
27792,01480,99140,4,104,0.038461538461538464
27792,01480,64415,1,104,0.009615384615384616
27810,01462,99140,2,3,0.6666666666666666
27814,01480,76942,34,46,0.7391304347826086
27814,01480,64450,31,46,0.6739130434782609
27814,01480,64447,20,46,0.43478260869565216
27814,01480,64445,5,46,0.10869565217391304
27814,01480,99140,2,46,0.043478260869565216
27814,01480,36620,1,46,0.021739130434782608
27818,01462,64447,1,5,0.2
27818,01462,64450,1,5,0.2
27818,01462,76942,1,5,0.2
27822,01480,64450,62,82,0.7560975609756098
27822,01480,76942,62,82,0.7560975609756098
27822,01480,64447,39,82,0.47560975609756095
27822,01480,64445,11,82,0.13414634146341464
27822,01480,99140,2,82,0.024390243902439025
27822,01480,36620,1,82,0.012195121951219513
27822,01480,76937,1,82,0.012195121951219513
27822,01480,99100,1,82,0.012195121951219513
27823,01480,64450,8,14,0.5714285714285714
27823,01480,76942,8,14,0.5714285714285714
27823,01480,64445,3,14,0.21428571428571427
27823,01480,64447,2,14,0.14285714285714285
27825,01462,99140,1,2,0.5
27827,01480,64447,3,14,0.21428571428571427
27827,01480,64450,3,14,0.21428571428571427
27827,01480,76942,3,14,0.21428571428571427
27828,01480,64450,7,13,0.5384615384615384
27828,01480,76942,6,13,0.46153846153846156
27828,01480,64447,4,13,0.3076923076923077
27828,01480,99140,3,13,0.23076923076923078
27828,01480,64445,1,13,0.07692307692307693
27829,01480,76942,28,32,0.875
27829,01480,64450,25,32,0.78125
27829,01480,64447,12,32,0.375
27829,01480,64445,8,32,0.25
27860,01462,64447,1,5,0.2
27860,01462,64450,1,5,0.2
27860,01462,76942,1,5,0.2
27870,01480,64450,8,9,0.8888888888888888
27870,01480,76942,8,9,0.8888888888888888
27870,01480,64447,7,9,0.7777777777777778
27870,01480,64445,1,9,0.1111111111111111
27880,01482,64450,23,37,0.6216216216216216
27880,01482,76942,23,37,0.6216216216216216
27880,01482,64447,20,37,0.5405405405405406
27880,01482,36620,2,37,0.05405405405405406
27880,01482,64445,2,37,0.05405405405405406
27881,01482,64450,5,7,0.7142857142857143
27881,01482,76942,4,7,0.5714285714285714
27881,01482,64447,3,7,0.42857142857142855
27881,01482,36620,1,7,0.14285714285714285
27882,01482,36556,1,2,0.5
27886,01482,64450,4,13,0.3076923076923077
27886,01482,76942,4,13,0.3076923076923077
27886,01482,64447,2,13,0.15384615384615385
28008,01470,64447,2,5,0.4
28008,01470,76942,2,5,0.4
28008,01470,64450,1,5,0.2
28035,01470,76942,3,4,0.75
28035,01470,64445,2,4,0.5
28035,01470,64447,2,4,0.5
28035,01470,64450,2,4,0.5
28039,00400,64445,1,4,0.25
28039,00400,64447,1,4,0.25
28039,00400,76942,1,4,0.25
28045,01470,64447,1,1,1.0
28045,01470,64450,1,1,1.0
28045,01470,76942,1,1,1.0
28047,01470,64450,1,1,1.0
28047,01470,76942,1,1,1.0
28060,01470,64450,5,12,0.4166666666666667
28060,01470,76942,5,12,0.4166666666666667
28060,01470,64447,4,12,0.3333333333333333
28062,01470,64447,1,1,1.0
28062,01470,64450,1,1,1.0
28062,01470,76942,1,1,1.0
28070,01480,64450,2,2,1.0
28070,01480,76942,2,2,1.0
28070,01480,64447,1,2,0.5
28072,01480,64450,1,1,1.0
28072,01480,76942,1,1,1.0
28080,01470,76942,12,44,0.2727272727272727
28080,01470,64450,8,44,0.18181818181818182
28080,01470,64445,6,44,0.13636363636363635
28080,01470,64447,4,44,0.09090909090909091
28086,01470,64450,3,3,1.0
28086,01470,76942,3,3,1.0
28086,01470,64447,1,3,0.3333333333333333
28090,01470,64450,2,12,0.16666666666666666
28090,01470,76942,2,12,0.16666666666666666
28092,01470,64445,1,6,0.16666666666666666
28092,01470,76942,1,6,0.16666666666666666
28100,01480,64450,1,1,1.0
28100,01480,76942,1,1,1.0
28102,01480,64447,1,1,1.0
28102,01480,64450,1,1,1.0
28102,01480,76942,1,1,1.0
28104,01480,64450,2,3,0.6666666666666666
28104,01480,64447,1,3,0.3333333333333333
28104,01480,76942,1,3,0.3333333333333333
28110,01480,64450,5,9,0.5555555555555556
28110,01480,76942,5,9,0.5555555555555556
28110,01480,64447,3,9,0.3333333333333333
28113,01480,64450,1,3,0.3333333333333333
28113,01480,76942,1,3,0.3333333333333333
28113,01480,99140,1,3,0.3333333333333333
28116,01480,64447,2,2,1.0
28116,01480,64450,2,2,1.0
28116,01480,76942,2,2,1.0
28118,01480,64450,2,2,1.0
28118,01480,76942,2,2,1.0
28119,01480,64450,4,8,0.5
28119,01480,76942,4,8,0.5
28119,01480,64447,3,8,0.375
28120,01480,76942,18,20,0.9
28120,01480,64450,15,20,0.75
28120,01480,64447,13,20,0.65
28120,01480,64445,3,20,0.15
28122,01480,64450,8,31,0.25806451612903225
28122,01480,76942,8,31,0.25806451612903225
28122,01480,64447,5,31,0.16129032258064516
28122,01480,64445,1,31,0.03225806451612903
28124,01480,76942,3,11,0.2727272727272727
28124,01480,64447,2,11,0.18181818181818182
28124,01480,64450,2,11,0.18181818181818182
28124,01480,36556,1,11,0.09090909090909091
28124,01480,64445,1,11,0.09090909090909091
28124,01480,76937,1,11,0.09090909090909091
28190,00400,64450,2,4,0.5
28190,00400,76942,2,4,0.5
28190,00400,64445,1,4,0.25
28190,00400,64447,1,4,0.25
28200,01470,64447,4,6,0.6666666666666666
28200,01470,64450,4,6,0.6666666666666666
28200,01470,76942,4,6,0.6666666666666666
28208,01470,64450,2,4,0.5
28208,01470,76942,2,4,0.5
28208,01470,64445,1,4,0.25
28208,01470,64447,1,4,0.25
28210,01470,64447,1,1,1.0
28210,01470,64450,1,1,1.0
28210,01470,76942,1,1,1.0
28238,01480,64450,1,1,1.0
28238,01480,76942,1,1,1.0
28262,01470,64447,2,2,1.0
28262,01470,64450,2,2,1.0
28262,01470,76942,2,2,1.0
28264,01470,64447,2,3,0.6666666666666666
28264,01470,64450,2,3,0.6666666666666666
28264,01470,76942,2,3,0.6666666666666666
28285,01480,76942,29,79,0.3670886075949367
28285,01480,64450,27,79,0.34177215189873417
28285,01480,64447,14,79,0.17721518987341772
28285,01480,64445,2,79,0.02531645569620253
28289,01480,76942,14,26,0.5384615384615384
28289,01480,64450,12,26,0.46153846153846156
28289,01480,64445,9,26,0.34615384615384615
28289,01480,64447,4,26,0.15384615384615385
28291,01480,76942,4,14,0.2857142857142857
28291,01480,64447,3,14,0.21428571428571427
28291,01480,64450,3,14,0.21428571428571427
28291,01480,64445,2,14,0.14285714285714285
28292,01480,64450,19,24,0.7916666666666666
28292,01480,64447,17,24,0.7083333333333334
28292,01480,76942,17,24,0.7083333333333334
28295,01480,76942,5,8,0.625
28295,01480,64447,4,8,0.5
28295,01480,64450,4,8,0.5
28295,01480,64445,1,8,0.125
28296,01480,76942,13,22,0.5909090909090909
28296,01480,64450,12,22,0.5454545454545454
28296,01480,64447,7,22,0.3181818181818182
28296,01480,64445,2,22,0.09090909090909091
28297,01480,76942,23,29,0.7931034482758621
28297,01480,64450,22,29,0.7586206896551724
28297,01480,64447,20,29,0.6896551724137931
28297,01480,64445,1,29,0.034482758620689655
28298,01480,64450,7,12,0.5833333333333334
28298,01480,76942,7,12,0.5833333333333334
28298,01480,64447,4,12,0.3333333333333333
28298,01480,64445,2,12,0.16666666666666666
28299,01480,76942,18,20,0.9
28299,01480,64450,15,20,0.75
28299,01480,64447,8,20,0.4
28299,01480,64445,6,20,0.3
28300,01480,64450,4,4,1.0
28300,01480,76942,3,4,0.75
28300,01480,64447,2,4,0.5
28300,01480,64445,1,4,0.25
28304,01480,64450,2,2,1.0
28304,01480,76942,2,2,1.0
28304,01480,64447,1,2,0.5
28306,01480,64447,3,4,0.75
28306,01480,64450,3,4,0.75
28306,01480,76942,3,4,0.75
28308,01480,64450,6,20,0.3
28308,01480,76942,6,20,0.3
28308,01480,64447,3,20,0.15
28308,01480,64445,1,20,0.05
28310,01480,64450,1,1,1.0
28310,01480,76942,1,1,1.0
28313,01470,64450,3,4,0.75
28313,01470,76942,3,4,0.75
28313,01470,64447,2,4,0.5
28315,01480,76942,4,9,0.4444444444444444
28315,01480,64447,3,9,0.3333333333333333
28315,01480,64450,3,9,0.3333333333333333
28315,01480,64445,1,9,0.1111111111111111
28320,01480,64450,2,2,1.0
28320,01480,76942,2,2,1.0
28320,01480,64447,1,2,0.5
28322,01112,76942,2,2,1.0
28322,01112,64445,1,2,0.5
28322,01112,64447,1,2,0.5
28322,01112,64450,1,2,0.5
28322,01480,64450,6,8,0.75
28322,01480,76942,6,8,0.75
28322,01480,64447,5,8,0.625
28344,01480,64450,1,3,0.3333333333333333
28344,01480,76942,1,3,0.3333333333333333
28415,01480,76942,9,9,1.0
28415,01480,64450,8,9,0.8888888888888888
28415,01480,64447,4,9,0.4444444444444444
28415,01480,64445,1,9,0.1111111111111111
28445,01480,64447,4,7,0.5714285714285714
28445,01480,76942,4,7,0.5714285714285714
28445,01480,64445,3,7,0.42857142857142855
28445,01480,64450,1,7,0.14285714285714285
28445,01480,99140,1,7,0.14285714285714285
28465,01480,64447,6,8,0.75
28465,01480,76942,6,8,0.75
28465,01480,64450,4,8,0.5
28465,01480,64445,2,8,0.25
28470,01462,64450,1,2,0.5
28470,01462,76942,1,2,0.5
28485,01480,64450,16,37,0.43243243243243246
28485,01480,76942,16,37,0.43243243243243246
28485,01480,64447,8,37,0.21621621621621623
28485,01480,64445,2,37,0.05405405405405406
28615,01480,64450,11,14,0.7857142857142857
28615,01480,76942,11,14,0.7857142857142857
28615,01480,64447,8,14,0.5714285714285714
28615,01480,64445,1,14,0.07142857142857142
28645,01480,64450,1,1,1.0
28645,01480,76942,1,1,1.0
28705,01480,64447,3,3,1.0
28705,01480,76942,3,3,1.0
28705,01480,64450,2,3,0.6666666666666666
28705,01480,64445,1,3,0.3333333333333333
28725,01480,64450,9,9,1.0
28725,01480,76942,9,9,1.0
28725,01480,64447,5,9,0.5555555555555556
28725,01480,64445,1,9,0.1111111111111111
28730,01480,64450,10,14,0.7142857142857143
28730,01480,76942,10,14,0.7142857142857143
28730,01480,64447,6,14,0.42857142857142855
28735,01480,64447,2,2,1.0
28735,01480,76942,2,2,1.0
28735,01480,64445,1,2,0.5
28735,01480,64450,1,2,0.5
28740,01480,64450,2,3,0.6666666666666666
28740,01480,76942,2,3,0.6666666666666666
28740,01480,64447,1,3,0.3333333333333333
28750,01480,64450,10,30,0.3333333333333333
28750,01480,76942,10,30,0.3333333333333333
28750,01480,64445,2,30,0.06666666666666667
28750,01480,64447,1,30,0.03333333333333333
28755,01480,64445,1,3,0.3333333333333333
28755,01480,76942,1,3,0.3333333333333333
28760,01480,64450,1,1,1.0
28760,01480,76942,1,1,1.0
28805,01480,76942,6,41,0.14634146341463414
28805,01480,64450,5,41,0.12195121951219512
28805,01480,64445,1,41,0.024390243902439025
28805,01480,64447,1,41,0.024390243902439025
28810,01480,64450,4,23,0.17391304347826086
28810,01480,76942,4,23,0.17391304347826086
28810,01480,64447,2,23,0.08695652173913043
28820,01480,64450,5,89,0.056179775280898875
28820,01480,76942,5,89,0.056179775280898875
28820,01480,99140,4,89,0.0449438202247191
28820,01480,64447,1,89,0.011235955056179775
28825,01480,64450,1,25,0.04
28825,01480,76942,1,25,0.04
28899,01470,64447,1,2,0.5
28899,01470,64450,1,2,0.5
28899,01470,76942,1,2,0.5
28899,01470,99140,1,2,0.5
28899,01480,76942,4,6,0.6666666666666666
28899,01480,64447,3,6,0.5
28899,01480,64450,3,6,0.5
28899,01480,64445,1,6,0.16666666666666666
29325,01130,64447,1,7,0.14285714285714285
29325,01130,76942,1,7,0.14285714285714285
29325,01130,99140,1,7,0.14285714285714285
29805,01622,64415,1,2,0.5
29805,01622,76942,1,2,0.5
29806,01630,64415,93,95,0.9789473684210527
29806,01630,76942,92,95,0.968421052631579
29806,01630,64447,1,95,0.010526315789473684
29807,01630,64415,26,26,1.0
29807,01630,76942,26,26,1.0
29819,01630,64415,4,4,1.0
29819,01630,76942,4,4,1.0
29820,01630,64415,1,1,1.0
29820,01630,76942,1,1,1.0
29822,01630,64415,46,47,0.9787234042553191
29822,01630,76942,45,47,0.9574468085106383
29823,01630,64415,39,43,0.9069767441860465
29823,01630,76942,39,43,0.9069767441860465
29824,01630,64415,44,46,0.9565217391304348
29824,01630,76942,44,46,0.9565217391304348
29824,01630,64450,1,46,0.021739130434782608
29825,01630,64415,15,15,1.0
29825,01630,76942,15,15,1.0
29827,01630,64415,330,353,0.9348441926345609
29827,01630,76942,327,353,0.9263456090651558
29827,01630,64447,3,353,0.0084985835694051
29827,01630,99100,2,353,0.0056657223796034
29828,01630,64415,52,55,0.9454545454545454
29828,01630,76942,52,55,0.9454545454545454
29834,01740,64415,1,5,0.2
29834,01740,76942,1,5,0.2
29844,01830,64417,1,1,1.0
29848,01810,64417,1,19,0.05263157894736842
29848,01810,76942,1,19,0.05263157894736842
29850,01400,64447,2,2,1.0
29850,01400,76942,2,2,1.0
29851,01400,64447,7,8,0.875
29851,01400,76942,7,8,0.875
29855,01400,64447,1,2,0.5
29855,01400,64450,1,2,0.5
29855,01400,76942,1,2,0.5
29856,01400,64447,2,2,1.0
29856,01400,76942,1,2,0.5
29862,01202,64450,6,6,1.0
29862,01202,76942,5,6,0.8333333333333334
29863,01202,64450,1,1,1.0
29863,01202,76942,1,1,1.0
29867,01400,64447,1,1,1.0
29867,01400,76942,1,1,1.0
29870,01382,64445,1,2,0.5
29870,01382,64447,1,2,0.5
29870,01382,76942,1,2,0.5
29871,01400,64447,3,13,0.23076923076923078
29871,01400,76942,3,13,0.23076923076923078
29871,01400,99140,3,13,0.23076923076923078
29873,01400,64447,6,10,0.6
29873,01400,76942,6,10,0.6
29874,01400,64447,6,23,0.2608695652173913
29874,01400,76942,6,23,0.2608695652173913
29874,01400,64450,1,23,0.043478260869565216
29874,01400,99100,1,23,0.043478260869565216
29875,01400,76942,7,29,0.2413793103448276
29875,01400,64447,6,29,0.20689655172413793
29875,01400,64415,1,29,0.034482758620689655
29875,01400,64450,1,29,0.034482758620689655
29876,01400,64447,6,13,0.46153846153846156
29876,01400,76942,6,13,0.46153846153846156
29877,01400,76942,23,79,0.2911392405063291
29877,01400,64447,22,79,0.27848101265822783
29877,01400,64450,1,79,0.012658227848101266
29877,01400,99140,1,79,0.012658227848101266
29879,01400,64447,6,9,0.6666666666666666
29879,01400,76942,6,9,0.6666666666666666
29880,01400,64447,16,88,0.18181818181818182
29880,01400,76942,14,88,0.1590909090909091
29880,01400,99100,1,88,0.011363636363636364
29881,01400,64447,68,392,0.17346938775510204
29881,01400,76942,65,392,0.16581632653061223
29881,01400,64450,2,392,0.00510204081632653
29881,01400,64445,1,392,0.002551020408163265
29882,01400,64447,32,55,0.5818181818181818
29882,01400,76942,32,55,0.5818181818181818
29882,01400,64445,2,55,0.03636363636363636
29882,01400,64450,1,55,0.01818181818181818
29883,01400,64447,1,1,1.0
29883,01400,76942,1,1,1.0
29884,01400,64447,2,2,1.0
29884,01400,76942,1,2,0.5
29888,01400,64447,276,289,0.9550173010380623
29888,01400,76942,272,289,0.9411764705882353
29888,01400,64445,62,289,0.21453287197231835
29888,01400,64450,23,289,0.07958477508650519
29888,01400,64417,1,289,0.0034602076124567475
29889,01400,64447,2,2,1.0
29889,01400,76942,2,2,1.0
29891,01464,64450,1,1,1.0
29891,01464,76942,1,1,1.0
29892,01464,64450,3,3,1.0
29892,01464,76942,3,3,1.0
29892,01464,64445,1,3,0.3333333333333333
29893,01464,64447,1,6,0.16666666666666666
29893,01464,64450,1,6,0.16666666666666666
29893,01464,76942,1,6,0.16666666666666666
29894,01464,64445,2,3,0.6666666666666666
29894,01464,64447,2,3,0.6666666666666666
29894,01464,76942,2,3,0.6666666666666666
29894,01464,64450,1,3,0.3333333333333333
29898,01464,76942,14,15,0.9333333333333333
29898,01464,64450,10,15,0.6666666666666666
29898,01464,64445,8,15,0.5333333333333333
29898,01464,64447,8,15,0.5333333333333333
29914,01202,64450,3,3,1.0
29914,01202,76942,3,3,1.0
29915,01202,64450,21,21,1.0
29915,01202,76942,21,21,1.0
29916,01202,64450,36,52,0.6923076923076923
29916,01202,76942,36,52,0.6923076923076923
29916,01202,64415,1,52,0.019230769230769232
29999,01400,64447,1,3,0.3333333333333333
29999,01400,76942,1,3,0.3333333333333333
29999,01474,64447,3,6,0.5
29999,01474,64450,3,6,0.5
29999,01474,76942,3,6,0.5
30300,00160,99140,1,1,1.0
30462,00160,36620,1,7,0.14285714285714285
30520,00160,99100,1,234,0.004273504273504274
31238,00160,99140,3,18,0.16666666666666666
31256,00160,36620,1,29,0.034482758620689655
31256,00160,76937,1,29,0.034482758620689655
31535,00320,99100,1,29,0.034482758620689655
31570,00320,99100,1,6,0.16666666666666666
31571,00320,99100,1,12,0.08333333333333333
31600,00320,99140,2,45,0.044444444444444446
31622,00520,99100,2,104,0.019230769230769232
31622,00520,99140,2,104,0.019230769230769232
31635,00520,99140,4,15,0.26666666666666666
32097,00541,01996,1,1,1.0
32220,00542,36556,1,1,1.0
32225,00542,36556,1,1,1.0
32225,00542,36620,1,1,1.0
32225,00542,76937,1,1,1.0
32320,00542,36620,4,5,0.8
32320,00542,99140,1,5,0.2
32480,00541,36620,13,14,0.9285714285714286
32482,00541,36620,2,3,0.6666666666666666
32505,00541,36620,8,10,0.8
32505,00541,01996,1,10,0.1
32505,00541,64461,1,10,0.1
32552,00400,36556,1,1,1.0
32601,00528,99100,1,1,1.0
32601,00529,36556,1,2,0.5
32601,00529,36620,1,2,0.5
32601,00529,76937,1,2,0.5
32606,00529,36556,1,3,0.3333333333333333
32606,00529,36620,1,3,0.3333333333333333
32606,00529,99140,1,3,0.3333333333333333
32607,00529,36620,1,2,0.5
32608,00529,36620,1,17,0.058823529411764705
32609,00529,36620,1,2,0.5
32650,00541,36620,1,6,0.16666666666666666
32650,00541,99100,1,6,0.16666666666666666
32650,00541,99140,1,6,0.16666666666666666
32651,00542,36620,2,2,1.0
32652,00541,36620,2,4,0.5
32652,00541,36556,1,4,0.25
32652,00541,76937,1,4,0.25
32652,00542,36620,1,1,1.0
32654,00540,99140,1,1,1.0
32656,00541,36620,1,4,0.25
32659,00560,36620,1,1,1.0
32662,00541,36620,3,4,0.75
32663,00541,36620,13,18,0.7222222222222222
32666,00540,36620,1,4,0.25
32666,00541,36620,22,40,0.55
32669,00541,36620,6,10,0.6
32669,00541,99100,1,10,0.1
32673,00541,36620,2,2,1.0
32999,00529,36620,1,1,1.0
32999,00540,36620,1,1,1.0
32999,00541,36620,1,2,0.5
33025,00560,36556,1,2,0.5
33025,00560,76937,1,2,0.5
33025,00560,93312,1,2,0.5
33025,00560,93321,1,2,0.5
33025,00560,93325,1,2,0.5
33030,00560,36556,1,1,1.0
33030,00560,36620,1,1,1.0
33030,00560,76937,1,1,1.0
33120,00562,36556,2,2,1.0
33120,00562,36620,2,2,1.0
33120,00562,93312,2,2,1.0
33120,00562,76937,1,2,0.5
33120,00562,93321,1,2,0.5
33120,00562,93325,1,2,0.5
33207,00530,36620,1,2,0.5
33208,00530,36620,1,6,0.16666666666666666
33249,00534,36620,6,19,0.3157894736842105
33249,00534,99100,1,19,0.05263157894736842
33256,00562,36556,1,1,1.0
33256,00562,76937,1,1,1.0
33340,01926,36620,3,159,0.018867924528301886
33340,01926,99100,1,159,0.006289308176100629
33361,00560,36620,90,107,0.8411214953271028
33361,00560,36556,3,107,0.028037383177570093
33361,00560,76937,2,107,0.018691588785046728
33361,00560,93312,1,107,0.009345794392523364
33361,00560,93325,1,107,0.009345794392523364
33361,00560,99100,1,107,0.009345794392523364
33362,00560,36620,1,1,1.0
33405,00561,36556,2,2,1.0
33405,00561,36620,2,2,1.0
33405,00561,76937,2,2,1.0
33405,00561,93313,1,2,0.5
33405,00562,36556,25,29,0.8620689655172413
33405,00562,76937,22,29,0.7586206896551724
33405,00562,36620,20,29,0.6896551724137931
33405,00562,93312,19,29,0.6551724137931034
33405,00562,93321,19,29,0.6551724137931034
33405,00562,93325,19,29,0.6551724137931034
33405,00562,93503,3,29,0.10344827586206896
33405,00562,93313,2,29,0.06896551724137931
33405,00562,36555,1,29,0.034482758620689655
33405,00562,99100,1,29,0.034482758620689655
33405,00563,36556,11,13,0.8461538461538461
33405,00563,76937,11,13,0.8461538461538461
33405,00563,36620,8,13,0.6153846153846154
33405,00563,93312,5,13,0.38461538461538464
33405,00563,93313,4,13,0.3076923076923077
33405,00563,93321,4,13,0.3076923076923077
33405,00563,93325,4,13,0.3076923076923077
33405,00563,93503,2,13,0.15384615384615385
33418,00560,36620,12,12,1.0
33418,00560,99100,1,12,0.08333333333333333
33425,00562,36556,3,3,1.0
33425,00562,76937,3,3,1.0
33425,00562,36620,2,3,0.6666666666666666
33425,00562,93312,2,3,0.6666666666666666
33425,00562,93321,2,3,0.6666666666666666
33425,00562,93325,2,3,0.6666666666666666
33425,00562,93313,1,3,0.3333333333333333
33426,00562,36556,9,10,0.9
33426,00562,36620,9,10,0.9
33426,00562,76937,9,10,0.9
33426,00562,93312,5,10,0.5
33426,00562,93321,5,10,0.5
33426,00562,93325,5,10,0.5
33426,00562,93313,1,10,0.1
33426,00562,93503,1,10,0.1
33427,00562,36556,1,1,1.0
33427,00562,76937,1,1,1.0
33427,00562,93312,1,1,1.0
33427,00562,93321,1,1,1.0
33427,00562,93325,1,1,1.0
33430,00562,76937,24,26,0.9230769230769231
33430,00562,36620,22,26,0.8461538461538461
33430,00562,36556,20,26,0.7692307692307693
33430,00562,93312,13,26,0.5
33430,00562,93321,13,26,0.5
33430,00562,93325,13,26,0.5
33430,00562,93313,9,26,0.34615384615384615
33430,00562,93503,6,26,0.23076923076923078
33430,00562,76942,1,26,0.038461538461538464
33430,00563,76937,1,1,1.0
33430,00563,93313,1,1,1.0
33430,00563,93503,1,1,1.0
33464,00562,36620,1,1,1.0
33464,00562,93313,1,1,1.0
33464,00562,93503,1,1,1.0
33475,00562,36556,4,4,1.0
33475,00562,76937,4,4,1.0
33475,00562,36620,2,4,0.5
33533,00562,36556,2,2,1.0
33533,00562,36620,2,2,1.0
33533,00562,76937,2,2,1.0
33533,00567,36556,63,74,0.8513513513513513
33533,00567,36620,60,74,0.8108108108108109
33533,00567,76937,55,74,0.7432432432432432
33533,00567,93503,6,74,0.08108108108108109
33533,00567,99100,3,74,0.04054054054054054
33533,00567,76942,1,74,0.013513513513513514
33534,00567,36556,40,44,0.9090909090909091
33534,00567,36620,37,44,0.8409090909090909
33534,00567,76937,35,44,0.7954545454545454
33534,00567,99100,1,44,0.022727272727272728
33535,00562,36556,1,1,1.0
33535,00562,36620,1,1,1.0
33535,00562,76937,1,1,1.0
33535,00567,36556,32,33,0.9696969696969697
33535,00567,76937,29,33,0.8787878787878788
33535,00567,36620,28,33,0.8484848484848485
33535,00567,93503,1,33,0.030303030303030304
33536,00567,36620,5,5,1.0
33536,00567,36556,4,5,0.8
33536,00567,76937,4,5,0.8
33858,00563,36556,6,6,1.0
33858,00563,36620,5,6,0.8333333333333334
33858,00563,76937,5,6,0.8333333333333334
33858,00563,93312,4,6,0.6666666666666666
33858,00563,93321,4,6,0.6666666666666666
33858,00563,93325,4,6,0.6666666666666666
33858,00563,99140,1,6,0.16666666666666666
33859,00562,36556,1,1,1.0
33859,00562,36620,1,1,1.0
33859,00562,76937,1,1,1.0
33859,00562,93313,1,1,1.0
33859,00563,36620,6,6,1.0
33859,00563,36556,5,6,0.8333333333333334
33859,00563,76937,5,6,0.8333333333333334
33859,00563,93312,4,6,0.6666666666666666
33859,00563,93325,4,6,0.6666666666666666
33859,00563,93321,3,6,0.5
33863,00562,36556,5,5,1.0
33863,00562,76937,5,5,1.0
33863,00562,36620,4,5,0.8
33863,00562,93312,4,5,0.8
33863,00562,93321,4,5,0.8
33863,00562,93325,4,5,0.8
33863,00562,93313,1,5,0.2
33863,00563,36556,7,9,0.7777777777777778
33863,00563,36620,6,9,0.6666666666666666
33863,00563,76937,6,9,0.6666666666666666
33863,00563,93312,5,9,0.5555555555555556
33863,00563,93325,5,9,0.5555555555555556
33863,00563,93321,4,9,0.4444444444444444
33863,00563,93503,2,9,0.2222222222222222
33863,00563,93313,1,9,0.1111111111111111
33863,00563,99140,1,9,0.1111111111111111
33864,00562,36620,2,2,1.0
33864,00562,93312,2,2,1.0
33864,00562,93321,2,2,1.0
33864,00562,93325,2,2,1.0
33864,00562,36556,1,2,0.5
33864,00562,76937,1,2,0.5
33864,00562,99140,1,2,0.5
33864,00563,36556,4,4,1.0
33864,00563,36620,3,4,0.75
33864,00563,93312,3,4,0.75
33864,00563,93321,3,4,0.75
33864,00563,93325,3,4,0.75
33864,00563,76937,2,4,0.5
33864,00563,93313,1,4,0.25
33864,00563,99140,1,4,0.25
33880,01926,36620,4,4,1.0
33880,01926,36556,1,4,0.25
33880,01926,76937,1,4,0.25
33940,01990,36620,1,1,1.0
33946,00350,99140,1,1,1.0
33954,01270,93313,1,1,1.0
33999,00560,36620,6,6,1.0
33999,00560,93313,1,6,0.16666666666666666
34151,00770,36556,4,4,1.0
34151,00770,36620,3,4,0.75
34151,00770,76937,2,4,0.5
34201,01274,36620,9,14,0.6428571428571429
34201,01274,36556,1,14,0.07142857142857142
34201,01274,99100,1,14,0.07142857142857142
34203,01502,36620,2,3,0.6666666666666666
34701,01926,36620,2,2,1.0
34703,01926,36620,3,3,1.0
34705,01926,36620,11,13,0.8461538461538461
34705,01926,36556,1,13,0.07692307692307693
34710,01926,36620,3,3,1.0
34710,01926,36556,1,3,0.3333333333333333
34712,01926,36620,1,2,0.5
34841,01926,36620,1,1,1.0
34845,01926,36620,6,6,1.0
34845,01926,36556,1,6,0.16666666666666666
34847,01926,36620,3,3,1.0
34847,01926,76937,1,3,0.3333333333333333
34848,01926,36556,1,1,1.0
34848,01926,36620,1,1,1.0
34848,01926,76937,1,1,1.0
35081,00770,36556,4,4,1.0
35081,00770,36620,4,4,1.0
35081,00770,76937,4,4,1.0
35081,00770,01996,3,4,0.75
35082,00770,36556,2,2,1.0
35082,00770,36620,1,2,0.5
35082,00770,76937,1,2,0.5
35082,00770,99140,1,2,0.5
35091,00770,01996,1,1,1.0
35091,00770,36556,1,1,1.0
35091,00770,36620,1,1,1.0
35102,00770,01996,1,1,1.0
35102,00770,36556,1,1,1.0
35102,00770,36620,1,1,1.0
35102,00880,36556,1,1,1.0
35102,00880,36620,1,1,1.0
35102,00880,76937,1,1,1.0
35131,00770,01996,2,2,1.0
35131,00770,36620,2,2,1.0
35131,00770,36556,1,2,0.5
35131,00770,76937,1,2,0.5
35226,01270,36620,3,3,1.0
35226,01270,36556,1,3,0.3333333333333333
35301,00350,36620,58,65,0.8923076923076924
35301,00350,99100,1,65,0.015384615384615385
35302,01270,36620,2,3,0.6666666666666666
35302,01270,93312,1,3,0.3333333333333333
35302,01270,93321,1,3,0.3333333333333333
35302,01270,93325,1,3,0.3333333333333333
35302,01270,99140,1,3,0.3333333333333333
35304,01500,36620,1,1,1.0
35371,01270,36620,8,11,0.7272727272727273
35371,01270,36556,1,11,0.09090909090909091
35371,01270,93313,1,11,0.09090909090909091
35372,01270,36620,1,5,0.2
35506,00350,36620,1,1,1.0
35538,00770,36556,4,4,1.0
35538,00770,36620,4,4,1.0
35538,00770,01996,3,4,0.75
35538,00770,76937,2,4,0.5
35540,00770,36556,2,2,1.0
35540,00770,36620,2,2,1.0
35540,00770,76937,2,2,1.0
35540,00770,01996,1,2,0.5
35556,01270,36620,6,16,0.375
35556,01270,36556,1,16,0.0625
35556,01270,76937,1,16,0.0625
35558,01270,36620,5,5,1.0
35566,01270,36620,1,5,0.2
35583,01270,36620,1,1,1.0
35585,01270,36620,1,3,0.3333333333333333
35585,01270,99100,1,3,0.3333333333333333
35633,00770,36556,1,1,1.0
35633,00770,36620,1,1,1.0
35633,00770,76937,1,1,1.0
35646,00880,36620,10,10,1.0
35646,00880,36556,9,10,0.9
35646,00880,76937,8,10,0.8
35646,00880,01996,4,10,0.4
35654,01656,36620,1,1,1.0
35656,01270,36620,1,2,0.5
35665,00880,36620,1,1,1.0
35666,01270,99100,1,1,1.0
35820,00560,93312,1,10,0.1
35840,00770,99140,1,1,1.0
35875,01274,36620,1,1,1.0
35876,01274,99140,1,1,1.0
35903,01770,36620,1,1,1.0
36215,01916,36620,1,4,0.25
36221,01916,36620,1,4,0.25
36223,01916,36620,3,4,0.75
36223,01916,99140,1,4,0.25
36224,01916,36620,4,8,0.5
36560,00532,99140,1,11,0.09090909090909091
36561,00532,99100,1,105,0.009523809523809525
36825,01844,36620,1,6,0.16666666666666666
36832,01844,36556,1,28,0.03571428571428571
36838,01844,36620,1,2,0.5
37182,01931,36620,15,26,0.5769230769230769
37187,01931,36556,1,1,1.0
37187,01931,36620,1,1,1.0
37187,01933,36620,1,1,1.0
37211,01924,99140,1,4,0.25
37212,01930,99140,1,1,1.0
37215,01925,36620,1,2,0.5
37220,01924,36620,1,2,0.5
37221,01924,36620,4,11,0.36363636363636365
37224,01440,36620,1,1,1.0
37224,01924,36620,1,6,0.16666666666666666
37224,01924,99140,1,6,0.16666666666666666
37236,01924,36556,2,7,0.2857142857142857
37236,01924,36620,1,7,0.14285714285714285
37236,01924,76937,1,7,0.14285714285714285
37238,01930,99140,1,7,0.14285714285714285
37238,01933,36620,1,2,0.5
37242,01924,36620,1,2,0.5
37244,01924,36620,3,5,0.6
37244,01924,36556,1,5,0.2
37244,01926,99140,1,1,1.0
37244,01931,36620,1,1,1.0
37607,01844,36620,1,18,0.05555555555555555
38100,00790,36620,1,4,0.25
38120,00790,36620,2,13,0.15384615384615385
38230,01112,64447,2,2,1.0
38230,01112,76942,2,2,1.0
38230,01112,64450,1,2,0.5
38232,01112,64445,1,1,1.0
38232,01112,64447,1,1,1.0
38500,01610,99100,1,8,0.125
38510,00320,36620,1,43,0.023255813953488372
38510,00320,99140,1,43,0.023255813953488372
38520,00320,36620,1,1,1.0
38525,01610,99100,2,403,0.004962779156327543
38780,00860,36620,1,1,1.0
38780,00860,64488,1,1,1.0
39401,00528,99100,1,1,1.0
39501,00790,36620,1,1,1.0
39545,00541,36620,1,1,1.0
39599,00529,36620,1,1,1.0
40700,00102,99100,3,8,0.375
40830,00170,99140,1,1,1.0
41008,00170,99140,1,4,0.25
41017,00170,99140,1,6,0.16666666666666666
41252,00170,99140,1,1,1.0
41520,00170,99100,6,42,0.14285714285714285
41800,00170,99140,1,4,0.25
41899,00170,99140,3,306,0.00980392156862745
41899,00170,99100,1,306,0.0032679738562091504
42104,00170,99100,1,2,0.5
42410,00100,36620,1,5,0.2
42420,00100,99100,1,4,0.25
42700,00170,99140,1,4,0.25
42810,00300,99100,1,4,0.25
42815,00300,99100,1,4,0.25
42830,00170,99100,8,187,0.0427807486631016
42960,00170,99140,4,22,0.18181818181818182
42961,00170,99140,1,1,1.0
42962,00170,99140,7,19,0.3684210526315789
43135,00500,36556,1,1,1.0
43135,00500,36620,1,1,1.0
43135,00500,76937,1,1,1.0
43135,00500,99100,1,1,1.0
43180,00320,99100,1,6,0.16666666666666666
43194,00320,99140,1,2,0.5
43220,00731,99100,1,16,0.0625
43226,00731,99100,2,3,0.6666666666666666
43233,00731,99100,1,1,1.0
43235,00731,99140,6,104,0.057692307692307696
43235,00731,99100,2,104,0.019230769230769232
43235,00731,36620,1,104,0.009615384615384616
43239,00731,99100,4,640,0.00625
43239,00731,99140,3,640,0.0046875
43239,00813,99100,2,252,0.007936507936507936
43246,00731,99100,1,33,0.030303030303030304
43247,00731,99140,14,58,0.2413793103448276
43255,00731,99100,1,4,0.25
43260,00732,36620,1,35,0.02857142857142857
43261,00732,99140,1,5,0.2
43262,00732,99100,1,39,0.02564102564102564
43262,00732,99140,1,39,0.02564102564102564
43264,00732,99140,14,234,0.05982905982905983
43264,00732,99100,3,234,0.01282051282051282
43264,00732,36620,2,234,0.008547008547008548
43274,00732,99140,5,104,0.04807692307692308
43274,00732,99100,2,104,0.019230769230769232
43276,00732,99140,1,41,0.024390243902439025
43277,00732,99140,1,4,0.25
43280,00790,99100,3,33,0.09090909090909091
43280,00790,01996,1,33,0.030303030303030304
43281,00790,36620,4,161,0.024844720496894408
43281,00790,99100,2,161,0.012422360248447204
43281,00790,99140,1,161,0.006211180124223602
43282,00790,99100,2,24,0.08333333333333333
43282,00790,36620,1,24,0.041666666666666664
43287,00500,36620,6,6,1.0
43314,00500,99100,1,3,0.3333333333333333
43415,00500,36620,1,1,1.0
43501,00790,36556,2,6,0.3333333333333333
43501,00790,36620,1,6,0.16666666666666666
43501,00790,76942,1,6,0.16666666666666666
43501,00790,99140,1,6,0.16666666666666666
43653,00790,99100,15,69,0.21739130434782608
43653,00790,36620,1,69,0.014492753623188406
43653,00790,64488,1,69,0.014492753623188406
43659,00790,36556,2,35,0.05714285714285714
43659,00790,36620,2,35,0.05714285714285714
43659,00790,99140,2,35,0.05714285714285714
43659,00790,76937,1,35,0.02857142857142857
43659,00790,99100,1,35,0.02857142857142857
43775,00797,36620,2,391,0.005115089514066497
43830,00790,99100,1,4,0.25
43840,00790,36620,4,6,0.6666666666666666
43840,00790,99140,3,6,0.5
43840,00790,36556,2,6,0.3333333333333333
43840,00790,76937,1,6,0.16666666666666666
43881,00790,64488,1,1,1.0
43999,00790,36556,1,2,0.5
43999,00790,76937,1,2,0.5
44005,00790,64488,3,44,0.06818181818181818
44005,00790,36620,2,44,0.045454545454545456
44005,00790,01996,1,44,0.022727272727272728
44005,00790,99140,1,44,0.022727272727272728
44025,00840,99140,1,1,1.0
44050,00790,99140,3,11,0.2727272727272727
44050,00790,36556,2,11,0.18181818181818182
44050,00790,36620,2,11,0.18181818181818182
44050,00790,64488,1,11,0.09090909090909091
44050,00790,76937,1,11,0.09090909090909091
44120,00790,36620,12,99,0.12121212121212122
44120,00790,36556,7,99,0.0707070707070707
44120,00790,99140,6,99,0.06060606060606061
44120,00790,76937,5,99,0.050505050505050504
44120,00790,64488,4,99,0.04040404040404041
44120,00790,99100,2,99,0.020202020202020204
44126,00790,99100,1,2,0.5
44140,00790,36620,5,35,0.14285714285714285
44140,00790,36556,4,35,0.11428571428571428
44140,00790,76937,3,35,0.08571428571428572
44140,00790,99140,3,35,0.08571428571428572
44140,00790,64488,1,35,0.02857142857142857
44140,00840,36556,1,5,0.2
44140,00840,36620,1,5,0.2
44140,00840,76937,1,5,0.2
44141,00790,36556,1,5,0.2
44141,00790,36620,1,5,0.2
44141,00790,76937,1,5,0.2
44141,00840,36556,1,3,0.3333333333333333
44141,00840,36620,1,3,0.3333333333333333
44141,00840,76937,1,3,0.3333333333333333
44141,00840,99140,1,3,0.3333333333333333
44143,00790,36620,2,6,0.3333333333333333
44143,00790,99140,2,6,0.3333333333333333
44143,00790,36556,1,6,0.16666666666666666
44143,00790,76937,1,6,0.16666666666666666
44143,00840,99140,1,3,0.3333333333333333
44144,00790,36620,3,6,0.5
44144,00790,36556,2,6,0.3333333333333333
44144,00790,76937,1,6,0.16666666666666666
44150,00790,36620,1,1,1.0
44150,00790,99140,1,1,1.0
44160,00790,99140,2,5,0.4
44160,00790,36556,1,5,0.2
44160,00790,36620,1,5,0.2
44160,00790,76937,1,5,0.2
44160,00790,99100,1,5,0.2
44180,00790,99140,7,86,0.08139534883720931
44180,00790,36620,3,86,0.03488372093023256
44180,00840,99140,1,9,0.1111111111111111
44186,00790,99140,1,11,0.09090909090909091
44187,00790,99100,2,13,0.15384615384615385
44187,00790,36556,1,13,0.07692307692307693
44187,00790,36620,1,13,0.07692307692307693
44187,00790,76937,1,13,0.07692307692307693
44187,00790,99140,1,13,0.07692307692307693
44188,00790,36620,2,7,0.2857142857142857
44188,00840,36620,1,17,0.058823529411764705
44202,00790,64488,3,25,0.12
44202,00790,99140,3,25,0.12
44202,00790,99100,1,25,0.04
44204,00790,36620,4,121,0.03305785123966942
44204,00790,99140,3,121,0.024793388429752067
44204,00840,36620,4,76,0.05263157894736842
44204,00840,99140,2,76,0.02631578947368421
44204,00840,64488,1,76,0.013157894736842105
44204,00840,99100,1,76,0.013157894736842105
44206,00790,36620,1,4,0.25
44207,00790,36620,1,16,0.0625
44210,00790,64488,1,8,0.125
44227,00790,64488,1,27,0.037037037037037035
44238,00790,36620,3,26,0.11538461538461539
44238,00790,99140,3,26,0.11538461538461539
44238,00790,36556,2,26,0.07692307692307693
44238,00790,76937,1,26,0.038461538461538464
44310,00790,36620,1,6,0.16666666666666666
44320,00790,99140,1,5,0.2
44602,00790,36556,3,8,0.375
44602,00790,36620,3,8,0.375
44602,00790,76937,3,8,0.375
44602,00790,99140,1,8,0.125
44899,00790,99140,1,2,0.5
44950,00840,99140,1,3,0.3333333333333333
44960,00790,99140,1,2,0.5
44960,00840,36620,1,1,1.0
44970,00840,99140,282,981,0.2874617737003058
44970,00840,64488,17,981,0.017329255861365953
44970,00840,36620,3,981,0.0030581039755351682
45378,00812,99100,1,193,0.0051813471502590676
45380,00811,99100,1,190,0.005263157894736842
45380,00811,99140,1,190,0.005263157894736842
45380,00812,99100,1,135,0.007407407407407408
45380,00813,99100,1,49,0.02040816326530612
45395,00844,36620,1,8,0.125
45402,00840,99100,1,6,0.16666666666666666
45499,00840,36620,1,3,0.3333333333333333
45499,00840,99100,1,3,0.3333333333333333
45915,00902,99140,3,8,0.375
45990,00902,99140,1,14,0.07142857142857142
46040,00902,99140,5,42,0.11904761904761904
46040,00902,36556,1,42,0.023809523809523808
46040,00902,36620,1,42,0.023809523809523808
46040,00902,76937,1,42,0.023809523809523808
46050,00902,99140,2,16,0.125
46221,00902,99140,1,19,0.05263157894736842
46270,00902,99100,1,55,0.01818181818181818
46945,00902,99140,1,7,0.14285714285714285
46946,00902,99140,1,13,0.07692307692307693
46999,00904,99100,1,1,1.0
47100,00790,36620,2,2,1.0
47120,00792,36620,4,4,1.0
47130,00792,36556,2,2,1.0
47130,00792,36620,2,2,1.0
47130,00792,76937,2,2,1.0
47379,00790,99100,1,10,0.1
47379,00792,36620,4,8,0.5
47562,00790,99140,50,1227,0.040749796251018745
47562,00790,36620,5,1227,0.004074979625101874
47562,00790,99100,4,1227,0.0032599837000814994
47562,00790,36556,2,1227,0.0016299918500407497
47562,00790,76937,2,1227,0.0016299918500407497
47562,00790,64488,1,1227,0.0008149959250203749
47563,00790,99140,16,168,0.09523809523809523
47563,00790,36620,1,168,0.005952380952380952
47563,00790,99100,1,168,0.005952380952380952
47600,00790,36620,3,11,0.2727272727272727
47600,00790,64486,1,11,0.09090909090909091
48140,00794,36620,2,3,0.6666666666666666
48150,00794,36620,16,19,0.8421052631578947
48152,00794,36620,2,2,1.0
48153,00794,36620,1,2,0.5
48155,00794,36620,1,1,1.0
48999,00794,36620,5,5,1.0
49000,00790,36620,10,38,0.2631578947368421
49000,00790,99140,5,38,0.13157894736842105
49000,00790,64488,2,38,0.05263157894736842
49000,00790,01996,1,38,0.02631578947368421
49000,00790,36555,1,38,0.02631578947368421
49000,00790,36556,1,38,0.02631578947368421
49000,00790,76937,1,38,0.02631578947368421
49000,00840,99140,1,6,0.16666666666666666
49002,00790,36620,2,13,0.15384615384615385
49002,00790,36556,1,13,0.07692307692307693
49002,00790,76937,1,13,0.07692307692307693
49002,00840,36620,2,4,0.5
49002,00840,99140,1,4,0.25
49010,00860,36620,1,1,1.0
49020,00790,36620,1,2,0.5
49020,00790,64488,1,2,0.5
49020,00790,99140,1,2,0.5
49083,00700,36620,1,1,1.0
49205,00790,01996,1,1,1.0
49250,00840,36556,1,4,0.25
49250,00840,36620,1,4,0.25
49250,00840,76937,1,4,0.25
49320,00790,36620,3,44,0.06818181818181818
49320,00790,99140,2,44,0.045454545454545456
49320,00840,36620,1,60,0.016666666666666666
49320,00840,99100,1,60,0.016666666666666666
49321,00840,99140,1,18,0.05555555555555555
49322,00840,99140,3,9,0.3333333333333333
49324,00790,36620,1,32,0.03125
49324,00790,99100,1,32,0.03125
49329,00790,36620,2,18,0.1111111111111111
49329,00790,36556,1,18,0.05555555555555555
49329,00790,76937,1,18,0.05555555555555555
49329,00790,99140,1,18,0.05555555555555555
49329,00840,99140,2,34,0.058823529411764705
49329,00840,36556,1,34,0.029411764705882353
49329,00840,36620,1,34,0.029411764705882353
49329,00840,76937,1,34,0.029411764705882353
49406,00840,99140,2,5,0.4
49450,00700,99100,1,7,0.14285714285714285
49500,00830,99100,1,20,0.05
49505,00830,36620,2,354,0.005649717514124294
49505,00830,99100,2,354,0.005649717514124294
49505,00840,99140,1,13,0.07692307692307693
49507,00830,36620,2,20,0.1
49507,00830,64488,1,20,0.05
49507,00830,99100,1,20,0.05
49507,00830,99140,1,20,0.05
49507,00840,36556,1,6,0.16666666666666666
49507,00840,36620,1,6,0.16666666666666666
49507,00840,64488,1,6,0.16666666666666666
49507,00840,99140,1,6,0.16666666666666666
49520,00830,36620,1,54,0.018518518518518517
49520,00830,99100,1,54,0.018518518518518517
49525,00830,99140,1,3,0.3333333333333333
49553,00830,99140,1,6,0.16666666666666666
49557,00830,99140,1,1,1.0
49560,00752,64488,2,84,0.023809523809523808
49560,00752,99100,2,84,0.023809523809523808
49560,00832,64488,1,15,0.06666666666666667
49561,00790,99140,3,67,0.04477611940298507
49561,00790,36620,1,67,0.014925373134328358
49561,00840,99140,1,7,0.14285714285714285
49565,00832,36620,1,5,0.2
49566,00790,99100,1,24,0.041666666666666664
49566,00790,99140,1,24,0.041666666666666664
49580,00750,64488,1,3,0.3333333333333333
49580,00830,64488,4,6,0.6666666666666666
49585,00750,64488,1,56,0.017857142857142856
49585,00830,64488,3,120,0.025
49587,00840,36620,1,4,0.25
49587,00840,99140,1,4,0.25
49650,00840,99100,10,308,0.032467532467532464
49650,00840,36620,2,308,0.006493506493506494
49650,00840,99140,2,308,0.006493506493506494
49652,00790,36620,2,38,0.05263157894736842
49652,00790,64447,1,38,0.02631578947368421
49655,00790,36620,1,18,0.05555555555555555
50081,00862,99100,1,41,0.024390243902439025
50220,00862,36620,3,5,0.6
50230,00770,01996,1,1,1.0
50230,00862,36556,1,2,0.5
50230,00862,36620,1,2,0.5
50230,00862,76937,1,2,0.5
50240,00862,36620,1,3,0.3333333333333333
50300,01990,99140,1,2,0.5
50432,00860,99140,1,4,0.25
50543,00862,36620,31,50,0.62
50544,00862,99100,1,16,0.0625
50545,00862,36620,11,25,0.44
50545,00862,36556,1,25,0.04
50546,00862,36620,20,50,0.4
50546,00862,76937,1,50,0.02
50548,00862,36620,3,8,0.375
50590,00873,99100,3,197,0.015228426395939087
50820,00790,36620,4,8,0.5
51500,00860,99100,1,3,0.3333333333333333
51595,00864,36620,2,2,1.0
51999,00864,36620,3,11,0.2727272727272727
52000,00910,99100,1,42,0.023809523809523808
52001,00910,36620,1,21,0.047619047619047616
52001,00910,99140,1,21,0.047619047619047616
52204,00910,36620,1,16,0.0625
52214,00910,99100,1,16,0.0625
52214,00910,99140,1,16,0.0625
52234,00912,36620,2,67,0.029850746268656716
52235,00912,99100,1,97,0.010309278350515464
52240,00912,36620,1,62,0.016129032258064516
52276,00910,36620,1,25,0.04
52300,00910,99100,3,4,0.75
52310,00910,99140,2,48,0.041666666666666664
52310,00910,99100,1,48,0.020833333333333332
52332,00910,99140,46,368,0.125
52332,00910,36620,8,368,0.021739130434782608
52332,00910,36556,6,368,0.016304347826086956
52332,00910,76937,4,368,0.010869565217391304
52332,00910,99100,3,368,0.008152173913043478
52352,00918,99140,6,135,0.044444444444444446
52353,00918,99140,1,22,0.045454545454545456
52356,00918,99140,11,598,0.01839464882943144
52356,00918,99100,3,598,0.005016722408026756
52356,00918,36620,1,598,0.0016722408026755853
52441,00910,36620,1,30,0.03333333333333333
52441,00910,76937,1,30,0.03333333333333333
52441,00910,99100,1,30,0.03333333333333333
52601,00914,36620,2,179,0.0111731843575419
52601,00914,99140,2,179,0.0111731843575419
52601,00914,99100,1,179,0.00558659217877095
52648,00914,99100,1,67,0.014925373134328358
53410,00920,99100,1,3,0.3333333333333333
54161,00920,99100,8,129,0.06201550387596899
54161,00920,99140,1,129,0.007751937984496124
54162,00920,99100,4,20,0.2
54163,00920,99100,4,32,0.125
54300,00920,99100,5,15,0.3333333333333333
54324,00920,99100,6,29,0.20689655172413793
54326,00920,99100,1,3,0.3333333333333333
54328,00920,99100,2,3,0.6666666666666666
54360,00920,99100,4,10,0.4
54430,00920,99140,1,1,1.0
54520,00920,99140,3,29,0.10344827586206896
54520,00920,99100,2,29,0.06896551724137931
54600,00930,99140,1,3,0.3333333333333333
54640,00930,99140,4,78,0.05128205128205128
54640,00930,99100,1,78,0.01282051282051282
54692,00840,99100,2,15,0.13333333333333333
54700,00920,36556,1,12,0.08333333333333333
54700,00920,36620,1,12,0.08333333333333333
54840,00920,99100,1,22,0.045454545454545456
55041,00920,99100,1,3,0.3333333333333333
55060,00920,99140,1,1,1.0
55100,00920,99100,1,6,0.16666666666666666
55100,00920,99140,1,6,0.16666666666666666
55520,00860,99140,1,2,0.5
55866,00865,99100,1,192,0.005208333333333333
55899,00860,36620,1,30,0.03333333333333333
55899,00860,99100,1,30,0.03333333333333333
57010,00942,99140,1,1,1.0
57022,00940,99140,1,1,1.0
57200,00942,99140,2,10,0.2
57240,00942,99100,1,19,0.05263157894736842
57260,00942,99100,1,18,0.05555555555555555
57288,00860,99100,1,187,0.0053475935828877
57720,00940,99140,1,2,0.5
58120,00940,99140,2,29,0.06896551724137931
58140,00840,64488,1,14,0.07142857142857142
58150,00840,99140,2,90,0.022222222222222223
58150,00840,36620,1,90,0.011111111111111112
58150,00840,64461,1,90,0.011111111111111112
58150,01962,99140,1,1,1.0
58210,00846,36620,3,18,0.16666666666666666
58260,00944,99100,3,88,0.03409090909090909
58353,00940,99140,1,85,0.011764705882352941
58552,00944,36556,1,250,0.004
58552,00944,36620,1,250,0.004
58552,00944,99140,1,250,0.004
58558,00952,99100,2,363,0.005509641873278237
58558,00952,99140,1,363,0.0027548209366391185
58571,00840,36620,7,563,0.012433392539964476
58575,00840,36620,2,10,0.2
58661,00840,99140,9,501,0.017964071856287425
58661,00840,99100,2,501,0.003992015968063872
58662,00840,99140,3,206,0.014563106796116505
58662,00840,64461,1,206,0.0048543689320388345
58700,00840,99140,1,1,1.0
58720,00840,01996,1,8,0.125
58720,00840,36620,1,8,0.125
58720,00840,99140,1,8,0.125
58952,00846,36620,1,1,1.0
58957,00840,36620,1,1,1.0
59120,00840,99140,14,36,0.3888888888888889
59150,00840,99140,2,4,0.5
59151,00840,99140,16,37,0.43243243243243246
59160,00940,99140,8,57,0.14035087719298245
59160,00940,36620,1,57,0.017543859649122806
59300,00940,99140,4,7,0.5714285714285714
59320,00948,99140,2,40,0.05
59409,01967,99140,14,3998,0.003501750875437719
59409,01967,64488,3,3998,0.0007503751875937969
59409,01967,36556,1,3998,0.0002501250625312656
59409,01967,36620,1,3998,0.0002501250625312656
59409,01967,76937,1,3998,0.0002501250625312656
59414,00940,99140,2,9,0.2222222222222222
59514,01961,99140,57,1147,0.04969485614646905
59514,01961,64488,4,1147,0.0034873583260680036
59514,01961,36620,3,1147,0.0026155187445510027
59514,01961,36556,2,1147,0.0017436791630340018
59514,01961,76937,1,1147,0.0008718395815170009
59525,01962,36620,1,2,0.5
59525,01963,36620,1,3,0.3333333333333333
59525,01963,99140,1,3,0.3333333333333333
59812,01965,99140,9,112,0.08035714285714286
59820,01965,99140,11,173,0.06358381502890173
59840,01966,99140,1,3,0.3333333333333333
59899,00940,99140,1,1,1.0
59999,01968,99140,11,451,0.024390243902439025
59999,01968,64488,3,451,0.0066518847006651885
60240,00320,36620,3,70,0.04285714285714286
60500,00320,99100,2,128,0.015625
60520,00320,36620,2,3,0.6666666666666666
60521,00541,36620,2,2,1.0
60600,00320,36620,1,2,0.5
60650,00866,36620,6,8,0.75
60650,00866,36556,2,8,0.25
60650,00866,76937,1,8,0.125
60650,00866,99100,1,8,0.125
61107,00214,99100,1,3,0.3333333333333333
61107,00214,99140,1,3,0.3333333333333333
61140,00214,36620,2,12,0.16666666666666666
61150,00214,36620,4,5,0.8
61210,00214,99140,4,12,0.3333333333333333
61210,00214,36620,2,12,0.16666666666666666
61215,00300,99140,1,3,0.3333333333333333
61304,00210,36620,1,3,0.3333333333333333
61312,00211,36620,8,19,0.42105263157894735
61312,00211,99140,3,19,0.15789473684210525
61312,00211,36556,1,19,0.05263157894736842
61312,00211,76937,1,19,0.05263157894736842
61312,00211,99100,1,19,0.05263157894736842
61313,00211,36620,7,11,0.6363636363636364
61313,00211,36556,1,11,0.09090909090909091
61313,00211,99140,1,11,0.09090909090909091
61314,00211,36620,1,2,0.5
61314,00211,99100,1,2,0.5
61314,00211,99140,1,2,0.5
61315,00211,36620,1,2,0.5
61320,00210,36620,1,2,0.5
61322,00210,99140,2,3,0.6666666666666666
61322,00210,36620,1,3,0.3333333333333333
61322,00210,99100,1,3,0.3333333333333333
61343,00210,36620,9,12,0.75
61450,00210,36620,1,1,1.0
61458,00210,36620,3,10,0.3
61458,00210,99100,1,10,0.1
61510,00210,36620,51,59,0.864406779661017
61510,00210,76937,4,59,0.06779661016949153
61510,00210,36556,3,59,0.05084745762711865
61510,00210,99100,1,59,0.01694915254237288
61512,00210,36620,21,24,0.875
61512,00210,76937,2,24,0.08333333333333333
61512,00210,99100,1,24,0.041666666666666664
61518,00210,36620,16,19,0.8421052631578947
61519,00210,36620,5,5,1.0
61520,00210,36620,4,5,0.8
61521,00210,36620,1,1,1.0
61526,00210,36620,8,9,0.8888888888888888
61540,00210,36620,1,1,1.0
61550,00210,36620,4,6,0.6666666666666666
61550,00210,99100,2,6,0.3333333333333333
61552,00210,36555,1,1,1.0
61552,00210,36620,1,1,1.0
61552,00210,76937,1,1,1.0
61552,00210,99100,1,1,1.0
61556,00210,99100,2,3,0.6666666666666666
61556,00210,36620,1,3,0.3333333333333333
61557,00210,36620,1,2,0.5
61557,00210,99100,1,2,0.5
61559,00210,36620,6,6,1.0
61559,00210,99100,3,6,0.5
61559,00210,36555,1,6,0.16666666666666666
61559,00210,76937,1,6,0.16666666666666666
61595,00210,36620,5,6,0.8333333333333334
61616,00210,36620,1,1,1.0
61624,01924,36620,3,6,0.5
61624,01926,36620,45,62,0.7258064516129032
61624,01926,76937,1,62,0.016129032258064516
61626,01924,36620,2,5,0.4
61626,01924,99140,1,5,0.2
61635,01926,36620,2,3,0.6666666666666666
61645,01926,36620,16,21,0.7619047619047619
61645,01926,99140,4,21,0.19047619047619047
61645,01926,76937,1,21,0.047619047619047616
61680,00216,36620,3,3,1.0
61690,00216,36620,5,6,0.8333333333333334
61697,00216,36620,4,4,1.0
61698,00216,36620,2,2,1.0
61700,00216,36620,7,10,0.7
61700,00216,99100,1,10,0.1
61700,00216,99140,1,10,0.1
61711,00216,36620,6,8,0.75
61711,00216,36556,1,8,0.125
61750,00210,36620,2,7,0.2857142857142857
61750,00210,99140,1,7,0.14285714285714285
62000,00215,99140,1,1,1.0
62121,00210,36620,1,2,0.5
62140,00215,99100,1,10,0.1
62141,00215,36620,1,2,0.5
62141,00215,76937,1,2,0.5
62165,00210,36620,14,20,0.7
62223,00220,99100,4,34,0.11764705882352941
62223,00220,36620,2,34,0.058823529411764705
62223,00220,99140,1,34,0.029411764705882353
62230,00220,99140,2,7,0.2857142857142857
62230,00300,99140,1,2,0.5
62258,00220,99100,1,12,0.08333333333333333
62350,01936,00630,1,12,0.08333333333333333
62362,00300,00630,1,7,0.14285714285714285
62362,00400,99100,1,17,0.058823529411764705
63001,00600,36620,2,3,0.6666666666666666
63001,00670,36620,1,1,1.0
63003,00620,36620,2,3,0.6666666666666666
63005,00630,99100,2,45,0.044444444444444446
63005,00630,99140,1,45,0.022222222222222223
63005,00670,36620,2,18,0.1111111111111111
63015,00670,36620,1,4,0.25
63016,00670,36620,1,2,0.5
63017,00670,36556,1,23,0.043478260869565216
63017,00670,36620,1,23,0.043478260869565216
63017,00670,99140,1,23,0.043478260869565216
63030,00630,99100,3,269,0.011152416356877323
63030,00630,36556,1,269,0.0037174721189591076
63030,00630,76937,1,269,0.0037174721189591076
63030,00630,99140,1,269,0.0037174721189591076
63030,00670,36620,2,53,0.03773584905660377
63030,00670,99100,1,53,0.018867924528301886
63045,00600,36620,2,8,0.25
63045,00670,36620,1,11,0.09090909090909091
63047,00630,36620,2,68,0.029411764705882353
63047,00630,99100,1,68,0.014705882352941176
63047,00630,99140,1,68,0.014705882352941176
63047,00670,36620,3,115,0.02608695652173913
63047,00670,99100,1,115,0.008695652173913044
63200,00630,36620,1,5,0.2
63266,00670,36620,1,3,0.3333333333333333
63267,00670,99140,1,5,0.2
63271,00620,36620,1,1,1.0
63275,00670,36620,1,1,1.0
63276,00620,36620,1,1,1.0
63276,00670,36620,1,1,1.0
63277,00630,99100,1,2,0.5
63282,00670,36620,1,2,0.5
63282,00670,99140,1,2,0.5
63286,00670,36620,3,3,1.0
63655,00620,36620,1,21,0.047619047619047616
63709,00630,99140,1,1,1.0
64561,00300,99100,1,16,0.0625
64708,01710,76942,2,2,1.0
64708,01710,64415,1,2,0.5
64708,01710,64417,1,2,0.5
64718,01710,76942,7,33,0.21212121212121213
64718,01710,64417,5,33,0.15151515151515152
64718,01710,64415,2,33,0.06060606060606061
64718,01710,99100,1,33,0.030303030303030304
64721,01810,64417,9,451,0.019955654101995565
64721,01810,76942,9,451,0.019955654101995565
64721,01810,99100,2,451,0.004434589800443459
64721,01810,64415,1,451,0.0022172949002217295
64782,01470,64450,1,1,1.0
64782,01470,76942,1,1,1.0
64831,01810,64417,1,7,0.14285714285714285
64831,01810,76942,1,7,0.14285714285714285
64912,01810,64417,1,1,1.0
64912,01810,76942,1,1,1.0
64999,00210,36620,1,2,0.5
65220,00140,99140,1,3,0.3333333333333333
65235,00140,99140,1,1,1.0
66984,00142,99100,1,62,0.016129032258064516
67036,00145,36620,1,13,0.07692307692307693
67039,00145,99140,1,4,0.25
67041,00145,99100,1,8,0.125
67042,00145,99100,1,8,0.125
67108,00145,36620,1,45,0.022222222222222223
67108,00145,99140,1,45,0.022222222222222223
67311,00140,99100,3,210,0.014285714285714285
68815,00140,99100,1,28,0.03571428571428571
69399,00120,36620,2,16,0.125
69436,00126,99100,14,211,0.06635071090047394
69631,00120,99100,1,77,0.012987012987012988
69633,00120,36620,1,19,0.05263157894736842
69799,00120,99100,1,15,0.06666666666666667
69930,00120,36620,2,126,0.015873015873015872
69930,00120,99100,2,126,0.015873015873015872
69949,00210,36620,2,2,1.0
69950,00210,36620,1,1,1.0
